index,1,2,3,4,5,6,7,8,9,10,11,12,13,14,15,16,17,18,19,20,21,22,23,24,25,26,27,28,29,30,31,32,33,34,35,36,37,38,39,40,41,42,43,44,45,46,47,48,49,50,51,52,53,54,55,56,57,58,59,60,61,62,63,64,65,66,67,68,69,70
(1,),36.71502638206055,0.727287195403877,0.9418023613517716,0.7753186546694386,0.1775249419810358,0.4527839351849113,0.6126711458692206,0.5420086843151541,0.994133980831537,0.1583511949413023,0.9947010817053963,0.9927640677939444,0.1831201773609626,0.7689608773799228,0.5406332596065603,0.8507164633634916,0.5378494981823668,0.7262897519269313,0.2474333582338802,0.4021426799882499,0.4808208244651017,0.3768137550351792,0.6094769215628005,0.561904905047054,0.8780381206929406,0.900716393144847,0.7186201426421712,0.2062091147019825,0.0380925704314649,0.1344582742845071,0.7395004998693763,0.4396858124712273,0.8520903329793926,0.722647334736854,0.9084939310436984,0.2587367104450267,0.02884563043602721,0.526792301573942,0.51504854337402,0.1632765017061534,0.4014182899327257,0.3002943866783,0.2511404163028669,0.1817420871528457,0.5279822966285966,0.3041003427127089,0.01194275034700945,0.8180725662232824,0.1882820989449674,0.7066750936164399,0.3529257486664757,0.529582502788012,0.501110545101307,0.370337033975514,0.3415812166652226,0.6691794299960758,0.3568374187675482,0.9633341729822043,0.6712335434528396,0.1080682669025081,0.3671660532544564,0.8582411522814124,0.5983231526246447,0.648968085880985,0.3969247383622908,0.8485102823457458,0.95626370055476,0.8384175192918133,0.31821401050139,0.3274042898760348
(2,),0.8401281179552705,36.04342207409127,0.561252795241089,0.6644945164657576,0.7024950759921669,0.8873931514907619,0.3086573442372814,0.3689012399903057,0.5658802186032391,0.6857274484105267,0.4459273263780796,0.7240413517209427,0.7170253176328573,0.2361191629619829,0.4896438588661867,0.1279201049128879,0.3640925252626611,0.8702877405109675,0.01023886532470747,0.4656585579059493,0.1419989237244184,0.9997379741700179,0.5835087009168484,0.8126361667539003,0.05837489247954497,0.8033885377616905,0.7451579756575905,0.644449816012747,0.7845361240175803,0.8994421353098302,0.7073127413957588,0.1558793847756114,0.1900644006044963,0.474492947423168,0.5705122198023161,0.6615902469662863,0.3336663439796477,0.6883037630404443,0.7628320549011299,0.01320136135290012,0.1820001193074514,0.8026676390702312,0.9812204728582221,0.05568672065831746,0.4083468523440852,0.2522599665812576,0.02482552532565164,0.6930726524682719,0.666082029970264,0.4175527633185062,0.2507442959832362,0.2628646143579934,0.741704338944882,0.212409677246826,0.02074443883038928,0.4751315385339622,0.2743195350832727,0.602464215323976,0.5117216706605051,0.05356635720146428,0.4322579971250553,0.8110078789316183,0.4184383688113147,0.7658488230929488,0.5967050400787298,0.435433342613576,0.4103283983716787,0.7538557732225133,0.669836673762645,0.4221285219481452
(3,),0.7058913842811837,0.338259443475462,38.31583145851284,0.1845788162319549,0.7823102915786415,0.3512864730305548,0.5800639609921707,0.906754079109788,0.781623721578696,0.5144392943575314,0.7578753412133749,0.7552543215766324,0.8377917492579372,0.8764639991634612,0.8456719286817526,0.4533626445786187,0.9642722998599107,0.9047997311261082,0.914802859944473,0.08681087733884515,0.8113498402283261,0.7165264802215705,0.2571903931313193,0.7886381644479962,0.9889837830145407,0.3016255975231667,0.5479851590180043,0.6252488104560696,0.08436828066600391,0.5820564047350375,0.9794639443605434,0.1176403879341616,0.2920384140594415,0.3231608208687162,0.08452172944539402,0.2114566718679835,0.8416035480520838,0.4778181710658881,0.5084729922870872,0.5707683178783618,0.3914739347189937,0.04913235505401774,0.3341046014383236,0.9740072190991329,0.9607776447692168,0.4509338750333002,0.2177535709709096,0.1208877152411691,0.1283981940888627,0.6971286596527619,0.5324682068972795,0.6533227654920819,0.3413572392500366,0.04911935691292825,0.788433667127719,0.3361591167514329,0.3166356169015205,0.7986294023324394,0.8221408031153188,0.08757339334796257,0.340327402427149,0.4560017413774868,0.007248267522334836,0.3583381448084827,0.7968115393195077,0.4740015493643459,0.2082892793846784,0.2365917801939027,0.3835096050878392,0.3483789668314993
(4,),0.9096909955158841,0.3627276695330001,0.3534129319125062,34.58106695498706,0.4784145956665364,0.3165133938440492,0.482542100748919,0.9089814413231414,0.2890964213506463,0.4834935377899167,0.7924737481644412,0.9875940951670199,0.5449610170648401,0.9053981095686822,0.6481202571553984,0.6224729581680777,0.2361868961822946,0.03631323831336769,0.102011993953555,0.4550796477345641,0.2504083821082506,0.1352814067530527,0.6568658476125633,0.01504088400873349,0.5224434741771384,0.05969056135545783,0.4763083242222783,0.006254000353883099,0.9193731390212049,0.2964720478233178,0.117850430633811,0.2178690253968759,0.07753247544063417,0.8476162418516214,0.7687286083118053,0.6226211153001877,0.6707323095829895,0.05337597610343645,0.9831737438018666,0.6353716913553573,0.6852311755196144,0.2600014383406758,0.1909644464390265,0.08111112830596001,0.2545916157021322,0.1039812181538047,0.476653082043423,0.4646657364844067,0.6719537473144034,0.7826427232653501,0.1739626132526157,0.08878283726963596,0.4760604975502888,0.0715858906426555,0.6308628887697224,0.711640775775994,0.7882666391885673,0.2948869375967459,0.5373322359638711,0.8799919526511647,0.1935309030066411,0.4179931591358014,0.2781029591541331,0.726914013783305,0.1350542977653679,0.5693239575745094,0.911761053778001,0.1478903906345129,0.5208749391880302,0.5747590893914765
(5,),0.04157006077900533,0.5216518672079942,0.7373716623631635,0.150379574923551,34.67202025506177,0.4949197477120807,0.3761682403001176,0.2366466314645838,0.1674754503156906,0.882173195290293,0.8430105051763793,0.1962245316684035,0.8637413088199914,0.9906084467570826,0.1600341879534863,0.4175136468021031,0.200338426719957,0.9562407468202528,0.7757777200419663,0.8511387266569992,0.5516100644984735,0.8095787781256202,0.3923931677345789,0.6109530602782454,0.3876646964208605,0.07326050679978464,0.9978569453591966,0.2107348640887905,0.6691935318299777,0.0007046683884131122,0.2047251290652968,0.004469841883526448,0.8786070690603179,0.7546399048489607,0.3299347617874547,0.2572513537677801,0.4215785390012706,0.6104797577300434,0.09304263611999776,0.5395447655933747,0.01705215137931517,0.4559904850299257,0.6961076553604,0.9131133411043193,0.6146984245508369,0.9411110373385718,0.554647165903454,0.9974940256311199,0.3614135192673976,0.06983329551704873,0.2541130816902585,0.3054812260765095,0.0671221037237493,0.350758564591934,0.576008621040916,0.4945936285422226,0.3373685076314863,0.2733052326633369,0.9336049612795269,0.405513746008179,0.1891077002327381,0.006378700431245292,0.9020978257406356,0.9729190381277953,0.372468247485656,0.1571887484724651,0.7516481913130868,0.8756367181180617,0.806792580431709,0.4862010443789199
(6,),0.7547471722528645,0.1195752191740733,0.8006342337159568,0.1076108490816778,0.1733133706230417,35.3942409134705,0.2262806693525153,0.3687998616554908,0.764466420749069,0.04876573449432513,0.489468985610005,0.6219401728098276,0.9188754094082038,0.6443848531648942,0.3865122848530656,0.6701917984656506,0.4280244995975107,0.8379940456589139,0.1021782773787869,0.2789734089734835,0.7130399831684354,0.4167776814223562,0.06936118539861998,0.5174319978848896,0.4092521073355241,0.9498964251219029,0.5943900423608639,0.3486466116385497,0.7406487997011737,0.3431400614197089,0.4614021721756071,0.1555782124119208,0.9930134532575549,0.9253985823204006,0.7306512677005618,0.8147471941312732,0.7320176771785822,0.2520901427883133,0.8474298092277758,0.0676008091871065,0.4931566599143865,0.9499475419111565,0.437734784160243,0.07871298441128793,0.2704279065119774,0.2334249474099819,0.1847776051486853,0.9521806604203272,0.2461595889227716,0.02096388387814255,0.8684267754800352,0.1058753758469175,0.6421420728019039,0.6707324091835705,0.08754851422433732,0.8964426822589475,0.8762891518916379,0.4245127871947743,0.9774382439950879,0.4270457287924939,0.6248201336570138,0.6662177426230206,0.8291046033528103,0.5774668709678903,0.2115199494161119,0.07905032394539087,0.6481546070997013,0.7878816971365462,0.2228360233966523,0.7334740756873116
(7,),0.394242230119068,0.1545467155793725,0.8059976908801605,0.1197329530098672,0.3983836197291197,0.06298546965467379,34.21040162442483,0.3348333920425938,0.7663005884669474,0.1925270427732396,0.3353969841813991,0.3302360571994724,0.7393333317153173,0.7000904162362391,0.2323942647915549,0.08196445833010212,0.2017962820502438,0.5603230218768018,0.131975385206506,0.7281377196924701,0.08678881117179363,0.8469649265127598,0.2749352533944387,0.3403354384485152,0.5795200232249377,0.3394758772607169,0.4766319415147393,0.7774893468267503,0.2794325116441139,0.7022801660365413,0.1607745476601411,0.3401660647059644,0.441405340509994,0.9149637234999035,0.6371074992288149,0.094085361190962,0.7012783293257925,0.6074825711116888,0.1210976337223458,0.01497192376583113,0.362825976341968,0.5104665364785825,0.5309532178330761,0.5888315503537556,0.3264054229119307,0.3613045533879218,0.02550681452017247,0.699097919870734,0.2947842614828377,0.7450197410345802,0.5725875358352168,0.4974330997348001,0.7482265324511672,0.4689178268037816,0.9860680814158123,0.5240906700075514,0.4047454699798252,0.5911639529447927,0.7154825144143097,0.6290156397950326,0.3302806713143215,0.4558559086550084,0.01490436545217776,0.579243434738356,0.4129721002576289,0.04566516302846064,0.6812832564317026,0.1193008144810337,0.2318433027178309,0.3905697120703239
(8,),0.3735960635012441,0.3773454619778313,0.416406739893262,0.01286633637665881,0.1332764010857725,0.8973171822612803,0.3434213345533298,38.43043205653361,0.937438872150385,0.5657559774182612,0.6124903817052757,0.8490691804768946,0.2019650481944038,0.2077856566983278,0.8543759317367834,0.8724753648240099,0.9857020158826572,0.2458407543922941,0.297262561140961,0.2702726218164176,0.2192460789503904,0.991453244358788,0.4019189412573052,0.9155205873830581,0.4951171795725133,0.07077186559462008,0.09277314290363729,0.3570227841148616,0.8532394377691541,0.3682388092905738,0.5234792551541945,0.2092610526849006,0.7659003910599418,0.7853837704478552,0.08808406347670371,0.03972704868558812,0.9966911520698636,0.3130405774252688,0.6534254740143919,0.4819266977233015,0.3713049875493538,0.6692610340530126,0.8567526313981683,0.4984788165082097,0.5936546222700906,0.0995338904050539,0.9462615135938548,0.2673289314062177,0.8393421064265079,0.3637684503000163,0.6268479676575093,0.06520144794731772,0.02680698763814618,0.5307749364775722,0.238186086078558,0.7166035152690224,0.4194899429936154,0.5791022978548064,0.6718411653321344,0.4802456603811066,0.5265748546044645,0.7783676277173147,0.4292348385029766,0.1366539421912413,0.1061057608490258,0.2785695988546704,0.2142616880991636,0.7741259307593775,0.3432066735885088,0.410957518424245
(9,),0.9229655740754169,0.6309883723597018,0.8558512712965718,0.7248588746843577,0.1889881194085786,0.9095503264920719,0.4797021391755123,0.1889839268588901,35.84489770921991,0.740017551972516,0.7265900639631999,0.2014726882487163,0.219943680821774,0.8255533162857132,0.8821945142942806,0.4152577199433358,0.3441881771235645,0.03434572433818868,0.856090449775103,0.008652641707725332,0.8368448558009123,0.1519630736692615,0.662678316217765,0.6937720757858291,0.1616936688357476,0.4577245484747474,0.4870974279511463,0.6820894012737884,0.9889683494621635,0.9404215841960184,0.2199582713070832,0.3835300031195374,0.4222164760419894,0.1181322306400694,0.1127611449546793,0.2588973352872502,0.3871296102346035,0.9697671124319318,0.5096402622828206,0.2878612229697178,0.8337715482125032,0.4131079537352873,0.636877032785616,0.7728157364132419,0.1251163565114736,0.590999269901907,0.9701264831061971,0.7625103122539838,0.5180364672989406,0.202585496503576,0.04611641843382849,0.06636786050347142,0.6513607304934236,0.7819353113560297,0.08354413639059488,0.6950534230027697,0.5995527511769905,0.6144255896937643,0.8388659874341272,0.735793069816728,0.4152445830430341,0.7043399693773891,0.2972764135506474,0.1923231754179258,0.1576140237023695,0.5636875669261487,0.3961456679637839,0.09131069787304182,0.442591787995729,0.5752854111593726
(10,),0.4607882917910983,0.9179441003226453,0.07121436119348513,0.4639854986192407,0.8217486240627846,0.8043857768318273,0.242801380986419,0.5517702722761265,0.1753287411440072,30.75163896961282,0.4838079994509171,0.7120595983085557,0.008957946960106206,0.1507388024446177,0.8095085194721324,0.5565910458514107,0.5043944449232207,0.2728313216192739,0.01636610073708875,0.4153929952981509,0.4602555516640261,0.6361700428248483,0.7175846736421717,0.4589245142918257,0.1712821912567819,0.4943121333061381,0.151288674133974,0.9467709760707719,0.09397070126227167,0.08509819462455356,0.6527628087846105,0.7560946947542864,0.7315408191085717,0.7996883323516756,0.2519617225315329,0.9815551763150535,0.0110201355418594,0.4321542576007062,0.1131442317115253,0.3646882055214506,0.2279193697451824,0.404418443663488,0.5285877654502564,0.318421921093301,0.4452720858255744,0.7804298282931383,0.8380835444802175,0.6460069951478414,0.5149676469099153,0.8282013691712973,0.006358219061935439,0.06362721540843361,0.7428855739783214,0.07278983604807351,0.1863930370977629,0.2091870217677992,0.4846478707019648,0.04644469804342856,0.08805944937995418,0.1596887786576547,0.2476894085025546,0.9359428244934392,0.5120574189692333,0.4296496133488129,0.5235973658015934,0.6269576678992561,0.1869731133904469,0.3782978377374253,0.6790193625548905,0.1062088721900962
(11,),0.7149541238644916,0.6795264302011684,0.9261994111599439,0.4881811004675804,0.8504124378887697,0.3656109978013925,0.5561664823751918,0.5663972673957911,0.414442203922283,0.02475365798304757,37.90459010161494,0.4626870340658066,0.6894614054723042,0.184199206927472,0.5510177249608893,0.5577182634712751,0.910879940823872,0.8166068718157294,0.5482050671728507,0.5040386737175496,0.8175377779056926,0.3923826113542319,0.2038713462787358,0.5199347573556802,0.1160816048071272,0.796666015041012,0.2611953672718682,0.4310773654775198,0.644065023774803,0.3748327282663121,0.2391823598004362,0.9880036441876161,0.388431572177835,0.4779890835501678,0.3063256939845003,0.9281276711393743,0.3011144938522693,0.3914639680369129,0.3570254953396297,0.4837510082792537,0.472970947896691,0.3786390303432073,0.7987704063635144,0.6157199042925553,0.1675757026479666,0.581106469246149,0.1234192130138217,0.6482950065917967,0.8894041361130037,0.6153106748241053,0.7343820561033001,0.2066840379896386,0.03567938926133224,0.6582932305882316,0.2324303724681874,0.1619391686611875,0.6314784933294706,0.8481133482908665,0.6547760996146575,0.1617095220135,0.2862403697996228,0.7741244305197903,0.1940017140408698,0.4393196756149653,0.4431293345226375,0.3349228537536841,0.7880621091447818,0.9136443682163763,0.6452747353653082,0.9285738923299348
(12,),0.3603584390340901,0.2374083760277637,0.81920223799997,0.2103141454018367,0.7172807906248847,0.06421323163962875,0.4943853499324498,0.4006092023544578,0.02532635545752892,0.2616663066844335,0.6685197232964172,36.62278978951819,0.5445569374579947,0.2266407195739515,0.9857232755501347,0.2089295627228437,0.3919878009542117,0.7369522375257503,0.777207117327701,0.8795969206600573,0.3866583836361964,0.2733529960779474,0.3767093598850146,0.1342721584599754,0.3531083313597831,0.03394324021214902,0.6834820808262567,0.3996166981752018,0.01358743593385368,0.3525643288485539,0.3130799800931893,0.8590255798399955,0.03407324185845689,0.502604176131988,0.3681080407230741,0.7096315546637262,0.5119880312078336,0.8848597677335907,0.1942337072938566,0.02086015370477766,0.02864526738875609,0.412788044002767,0.002115456636121111,0.6535775963204481,0.7629668943332703,0.3545870050728047,0.04128407697994575,0.3887231472557802,0.7329302435716573,0.9208698565285923,0.4894111024950332,0.3068645161486696,0.04825764630190101,0.2170305463100204,0.003394894169122109,0.976806677700027,0.8007222777523937,0.9972837792085828,0.09357480068951841,0.04658551750079552,0.6535725355505291,0.8225104457022625,0.2092958625902889,0.6105216827665855,0.06693186023155376,0.4144488430495765,0.2276285692801635,0.4862093516883437,0.2422984729681014,0.9363482522830813
(13,),0.4344115158748753,0.5083032517780269,0.782253497199066,0.02330561363263606,0.4120118958166493,0.8834382430794471,0.8634770922621762,0.7751048566452398,0.2826274032198671,0.03263533670981041,0.1347576967750227,0.003224709259677223,35.62602742344078,0.294381310443379,0.9026784375376812,0.3606825606818747,0.1531937245278974,0.2367303352715315,0.5318682283455441,0.5664220134963928,0.7507381429504215,0.9946212107176545,0.4674916120594432,0.7479654013909951,0.2241246758165415,0.765657711854462,0.5290906913788143,0.8280759208851102,0.3973920639578459,0.9583419318504773,0.190930774359854,0.9274540991035293,0.3520998228668087,0.9538838855667123,0.8661904717483244,0.9429538048075681,0.8340459741825293,0.3361571485244852,0.2226601926355968,0.3934474455932459,0.6914482728729449,0.8972185052267087,0.9675688645921541,0.1791500410257974,0.6697227733860506,0.468533991425255,0.3473953688834069,0.8686972846428119,0.4963423704020665,0.00930621624211657,0.4445084662215327,0.852823087392358,0.4921957743277103,0.3067370452488436,0.6886824696410764,0.2940118313882453,0.1024472314387705,0.8832741043992001,0.7108268956039464,0.2392374784685297,0.6613019249398683,0.09356882174351969,0.4000405316407978,0.4207309098103671,0.2584794693042534,0.07814674075416678,0.824599140833918,0.1590176277374304,0.5201512779804274,0.7250322010592976
(14,),0.7116216056027013,0.2138790283616785,0.5502170945106993,0.9301047635967978,0.01297601621143401,0.2887854420122819,0.4745205405208459,0.1360119250772986,0.2387565406634211,0.9325608208506803,0.870488996850411,0.1279016417421145,0.1023708669766605,34.25413727423899,0.7497746359731696,0.07886776232598076,0.3608250961208813,0.3946114195789935,0.6543407542438674,0.9038652957770721,0.6221965886222974,0.4712677624031714,0.3356782771815967,0.1829708271437198,0.9417179989585422,0.2353073536494369,0.1980251959851684,0.28776543821645,0.960242435029899,0.8901364671490052,0.2586754230530854,0.03631840732917695,0.6752410959801445,0.5002495979967053,0.5871105819655613,0.1165667902253109,0.9416754618904606,0.7970634913975658,0.2721557238785409,0.604179785752736,0.9903904046651144,0.5122580587704813,0.4771687919858569,0.4703176557613152,0.4646895035874015,0.8582079497830463,0.9932881284096643,0.008382139433877167,0.3961088862739274,0.2172159908713124,0.22144608801332,0.9345782591102273,0.2491369503862319,0.3379709231589654,0.6722746440445893,0.1350930556156764,0.7196004836656421,0.6622911865606662,0.4088268100124116,0.8616796892998229,0.04374914849770081,0.775094322117819,0.03307358514555577,0.06032828433622148,0.4820468572523471,0.5882510323459461,0.213595618672187,0.9294491808728019,0.3654015152585907,0.1726183393023574
(15,),0.1294554718034607,0.6135468391278681,0.4076100236176832,0.741444183987804,0.05127403030003674,0.3018384183395833,0.8795593398292162,0.8385270523376677,0.05504378624694919,0.2631161117356607,0.4713115131839061,0.4546214437061691,0.01179123411064338,0.9623534525689443,34.34380275602755,0.7970138049303782,0.7864177927469345,0.09877164919985917,0.4588151986327486,0.1520805051318955,0.9568424553200489,0.007105643946380575,0.293171740791511,0.134095894273759,0.976616169658142,0.1812784874970663,0.1012210307237522,0.8695968559928392,0.2835760383400218,0.6902195150793771,0.01722085870428367,0.5917531683969259,0.5619706992315073,0.9762840503256345,0.2782338324838796,0.04007895424933421,0.6972906504123616,0.03261280457335609,0.8639793598721032,0.8667049070488073,0.7195589503695946,0.5407283831379799,0.02080910386992778,0.08759996912305772,0.4079796836785528,0.9891101277420096,0.1155088590324555,0.07240208731650852,0.8802585469891046,0.1418260590941743,0.1488240644910177,0.09148330165650446,0.8859427282291891,0.5479091530008094,0.5927400424443683,0.987097378847225,0.9587475656682144,0.5244430224857396,0.8565076988271277,0.1731227213025095,0.4866961415628752,0.3642814899916976,0.0778471741213765,0.5571375646351409,0.1534315407905764,0.7257012828321574,0.6555312923707428,0.5410515066376214,0.6805850342387536,0.14127041385284
(16,),0.6598223579596839,0.5135733245850438,0.3947883700723784,0.8040838605915864,0.1925079894719907,0.07924704508507795,0.5039523670624682,0.6450784747123178,0.4912707991095039,0.4321245095928742,0.4877256067467695,0.7176933363282904,0.623212180859339,0.4775402595781167,0.8587642203571102,37.46111122003644,0.9270636874670062,0.09059911618560255,0.41903984742911,0.2316266853302545,0.8370847564842994,0.9912507570481127,0.5043178064187198,0.464330933369309,0.6330791861840481,0.7961830768624338,0.580007350574869,0.000368450780129894,0.4427308890810938,0.7620346648356474,0.9475081095728377,0.7700204587699717,0.4265364186856001,0.822953975750199,0.5453969839910991,0.4557977099575799,0.7617178914895161,0.3453117605019224,0.9984400724481006,0.3624592264759393,0.5965974398474574,0.4248964896024005,0.8816293882375534,0.2197860897414187,0.07060872823783956,0.2212884234825909,0.370108674665446,0.9530260363166647,0.995720684431313,0.9934853605599615,0.1926632745902144,0.8675848189394959,0.246663111021744,0.4271856346606569,0.9068364156644168,0.7728322331373384,0.5848478938053746,0.05878899914211661,0.6559819766777419,0.5110847945831424,0.3844789121140966,0.5496773686097249,0.7735804170574351,0.2278748190603467,0.6163206819395367,0.2732756537969167,0.02884606285666446,0.5106316340976328,0.6128232367901996,0.2677007195037928
(17,),0.8775072788927993,0.4917342411959773,0.1790948787044055,0.6672934826562423,0.3606218203993597,0.5956715207940508,0.9142624425452011,0.7698150125520705,0.6375373894407534,0.2534884977129396,0.9042807782392823,0.933755452988055,0.2221321980171447,0.9968088343979665,0.5171267254900315,0.2841094895353303,36.69366528827172,0.6640156735435023,0.9641192657733048,0.1591612400650943,0.1808365087919769,0.9985975398778625,0.8978086888176177,0.3687765436748633,0.1160716934777135,0.7379048762386736,0.807299117996135,0.6526918580412326,0.558974292882729,0.8667882508966079,0.6190355813311084,0.599493258761927,0.8663738205987811,0.5778830144410905,0.2095770222132509,0.2959633938691141,0.9740246213837909,0.297490177401986,0.2097536393946089,0.1019694206607694,0.16160571614364,0.6732503535810948,0.6159482438559807,0.0764457361524911,0.6588718653062967,0.3333830266223292,0.1528757574420317,0.3888240242155374,0.786665648908207,0.7679545978940018,0.3016696773365151,0.1158935962962773,0.9604341630489642,0.2204632545683483,0.7181599460891208,0.968078850315902,0.5743876669302077,0.2519920179364269,0.5504236743071791,0.5016341404964533,0.9535189663488212,0.2994226646301466,0.2539084521600596,0.771151367446836,0.4479537684246271,0.04321089620898769,0.6684788539023686,0.03735151867410288,0.2109219203185466,0.8889353790148552
(18,),0.5658317184708633,0.5980359127330372,0.7556134013641865,0.3135055598728849,0.850771658795735,0.4884976813736676,0.839115939842811,0.558388835564608,0.1607453867424928,0.6441228964339214,0.7848831734193519,0.4170930380785404,0.2202411932846385,0.1458215690981177,0.482702615991169,0.07078085114973037,0.004072418064889331,35.04991129261309,0.07858223290645457,0.07955961100876612,0.5491070398120826,0.2032849095828779,0.9677734025766144,0.7457697559584211,0.03961625117507464,0.715248478331526,0.1645740876154853,0.2787139210154672,0.1171543106006495,0.3077295955138706,0.03585510880684093,0.7407869184990252,0.1006842188277082,0.2700531181183264,0.8826278481661955,0.505142143527348,0.8749914087808032,0.05769472346171164,0.04142737577426409,0.01765254667679505,0.1051927866139438,0.026812374972163,0.241051108265759,0.1303189352224171,0.8046129401002642,0.5883371912695521,0.9643573316375356,0.7096635414674384,0.9542349219863175,0.1647653115525853,0.8629581109150165,0.8815605886163876,0.6436927414102386,0.5310755594348578,0.361400171038164,0.6729533669051974,0.1539687393153907,0.9911892799334499,0.393598671164932,0.09628346037006613,0.3127543096993095,0.6051512928142697,0.5683422264217598,0.9087848466752682,0.02473090438088319,0.5443572707813381,0.8827562592722127,0.09307784786315161,0.3301652146291471,0.7717193569452526
(19,),0.1985871788221669,0.8718518342625805,0.2555788150401263,0.6890041048199789,0.4007723290140136,0.124286962516782,0.4569709584202064,0.8657753587693633,0.9846482485104826,0.07443662626434669,0.583143525795275,0.08158607510026684,0.3385389597249486,0.07742872140580122,0.6945551056179925,0.5059998275614183,0.08441466483246703,0.6158339861922383,35.41008318412235,0.603339975222054,0.9497343520334453,0.8301009516733587,0.8036390147943665,0.7139842993817849,0.457181283433765,0.1364367036454071,0.3692411686557213,0.197563518030063,0.9030281784192319,0.6292890670466282,0.2319274492094288,0.9140000618053656,0.3132508267330296,0.9616894686696177,0.9534569609231872,0.3370038047154744,0.8131652159199569,0.1561740287626544,0.003713301494560663,0.1276707138092025,0.02937041243470808,0.6647087801146815,0.5987098724190353,0.4362941873294307,0.5719991267565491,0.1594059219082558,0.7875028977715103,0.9603671569199935,0.2673109651521334,0.2358597449477725,0.101088524827481,0.8210001228205837,0.3182225056898149,0.04715982701529196,0.6591104778943421,0.9177136199624065,0.5872016367025724,0.4364936161306036,0.553628688218157,0.8071684801781983,0.156463651054648,0.7973216370312307,0.8934179841109835,0.8802267495945557,0.7859081643420547,0.6301177304951499,0.5260158102924991,0.1624541585346295,0.8063382407247771,0.4924988656995384
(20,),0.7382960386167844,0.9968524716327293,0.9430424436963128,0.7962551733560859,0.4449739740721876,0.3718945811449985,0.9177287767075851,0.3540052548395707,0.6485168069661847,0.7064543202579878,0.5136983896338982,0.6833344518000762,0.08340022267362109,0.9289347056765584,0.7413289784569461,0.907342306326986,0.9174147900726938,0.9388082576815227,0.4065274820093278,42.08306844208263,0.5371960179366939,0.5000166458267734,0.108231475845499,0.7418023272106211,0.07192728515092943,0.5821935986532971,0.3451773243180813,0.7430963892537928,0.9588839449396209,0.9529910644121357,0.8594794446683799,0.3670994749808656,0.9524671397101326,0.2405841388322281,0.3838963183584197,0.9166652271203806,0.4426091455137192,0.08763879076747366,0.9621059247056659,0.3687153777813641,0.9588886968903391,0.06664772490611783,0.8953915371399171,0.9445167038744579,0.9357117708469178,0.05471908523323866,0.6996031394439789,0.4123348807075384,0.3366001403714137,0.6467568959815915,0.7868040311084709,0.7021428409936483,0.799426201260386,0.353646382695363,0.3137302235414035,0.7026370470832511,0.2078723747303548,0.9167955170237362,0.5965154722153831,0.952425763348031,0.6293079615635319,0.6931265018919608,0.5523405735796243,0.9340247778015054,0.5674053354969475,0.1256807218637929,0.8188369334875504,0.3859876503196203,0.8254956365588261,0.09610943851557291
(21,),0.4870019752891551,0.04108943057429446,0.7833525779194657,0.2561426426228918,0.899776556827283,0.3340654330648767,0.9948340878708164,0.9167655315910486,0.5846327101066897,0.4425495100381764,0.4951496923897112,0.1361062538119929,0.54081635958712,0.8002252547956322,0.5193125236305238,0.1955348032976301,0.050154132218664,0.8525938535508837,0.3992852671107456,0.6503592626634797,37.51132844060624,0.1144075962160665,0.9342015526198045,0.3655351512215299,0.1793550259795863,0.02298820004741998,0.7153004755026837,0.3671468408708776,0.586714011193169,0.7376538620466963,0.8730678480264921,0.5068441362928983,0.6460260523122885,0.5937459723735785,0.5617246218318761,0.5362900280998487,0.09981597699796678,0.3789458544534788,0.6342405458213453,0.9040208736028722,0.1590267657886351,0.8756188499525867,0.6049530255572748,0.7230069385821363,0.4963408889750201,0.3295650698056281,0.675938260884261,0.7801964178088674,0.559944243057607,0.7953034054339475,0.1840989866342361,0.7911395347480444,0.6998042983056955,0.758155815092365,0.2501496707210371,0.7370513747913938,0.200274880405025,0.7535777095144043,0.9940769662089972,0.6189190693660037,0.1788739197764229,0.2056082031374987,0.6551410657133071,0.689884903305307,0.6103619293297204,0.7102757307325053,0.08173231384512528,0.4154614673424021,0.951618285794707,0.8774559655245207
(22,),0.3445238661152476,0.5284335102259188,0.4251354279699669,0.1349996559405781,0.7456976483590121,0.8804940938042638,0.7187832037538214,0.4375826315104587,0.4213541691944555,0.2678312132922083,0.9770034967689425,0.7844344901354934,0.9682773271047936,0.2120577659093476,0.1688856583529403,0.2934391930486799,0.9893863525636373,0.740196385000803,0.5413129624328119,0.9373635711516353,0.7765959394723737,37.41746536932983,0.1063537739615815,0.6459965005707451,0.4794282706979634,0.3527326211283645,0.5969908642224653,0.7667686027793789,0.3759858390186911,0.9537641187798303,0.9523838065472381,0.5754956477210864,0.5144389052433355,0.09291556270393155,0.05262435370702839,0.812815177197432,0.3344316594286757,0.1947926759556718,0.4151404738122756,0.06490992378334214,0.8100257726298923,0.4392197566611131,0.700852559143652,0.9100514040663091,0.653574814464599,0.7261044646731408,0.3224965004498279,0.6028036232300416,0.7009946970833952,0.008127075774718764,0.9839749693525447,0.07531795603922455,0.6304340866929176,0.277892288420221,0.9560051538220958,0.2960205543880337,0.1089805367506215,0.8042458213449477,0.8726751138688504,0.9219978017834434,0.5531794065471403,0.2211078708497639,0.09919665565718061,0.6458079967409366,0.05789026012862297,0.9286871149951197,0.05713706998515754,0.9883472823409093,0.6501088891082998,0.8224505329706697
(23,),0.9128766587366106,0.7157883502116998,0.1370212655848216,0.6779319005500346,0.08569846170406231,0.3401877751744211,0.6971880696988907,0.4521157772718443,0.468864394821462,0.5181425316121063,0.690235539507077,0.5893843968739405,0.01480639695920948,0.4491474959598458,0.1361901237841069,0.211206844138196,0.1864112085805193,0.6615593647829732,0.4104859904752321,0.2897799955456858,0.4957418155822506,0.4014957752836606,36.80721124418221,0.5043231011451133,0.7203428483974912,0.4944661693604129,0.1077514476682557,0.5691885818240704,0.4179715474647341,0.6736050377262909,0.06842712498201542,0.7698650176998808,0.1252486692471485,0.5087778946679543,0.6467050094880115,0.6267188220771368,0.5714131765580224,0.735979672235873,0.05878359348693892,0.133644092442232,0.09388282540664461,0.5264990546310562,0.5960714881733766,0.5196444998700196,0.518350866127277,0.2168461022718828,0.7156732276877937,0.6492729832972799,0.6340686540613634,0.4110213853604161,0.3412015306918127,0.7485784611703582,0.09699180524417314,0.91095829686535,0.6454345678935048,0.3167430358809882,0.5841879090107236,0.04549868546393786,0.1052410459269597,0.8850564048257,0.1066873474015079,0.5409835222807395,0.4231151664502978,0.3397731662322058,0.03134323466230879,0.11026169656967,0.9770484523002394,0.1139485183596249,0.3635453812096882,0.8608698801666165
(24,),0.5842037693214435,0.4919422326357363,0.3702671852384686,0.3716701548860841,0.7554454405780044,0.8856317848187212,0.269297618301616,0.6399107490358005,0.1244216652887396,0.2272457878711532,0.9397261744937488,0.881288085205434,0.2969150171115076,0.04565343982828688,0.54023538238022,0.06326557123706378,0.17147427127253,0.7877265492495542,0.5739349184524333,0.8292971159879371,0.7747658972780787,0.4855011652467034,0.969612579399311,36.12277658365009,0.7604423502488739,0.08335893948414427,0.9073229982265418,0.9320327264145566,0.7535868950641317,0.05707846284869476,0.540001817874048,0.7959938616667831,0.6522374979357576,0.5035827587750811,0.5400188956380033,0.2484803050636201,0.1123910491802911,0.06381525126492596,0.7438157023966252,0.9507658415512952,0.2150349955908819,0.5200922414171193,0.5037436387387604,0.9337017358719577,0.5454395821315086,0.7216823888494438,0.1893426109833121,0.1638020136536552,0.7497400846663858,0.6884383830867166,0.2123022735928599,0.6455204638300988,0.4618134173983097,0.7976421870936194,0.2367251606322318,0.181658004942778,0.3343602881007971,0.6802202404376432,0.7073641124284007,0.1622365690017442,0.2592134454302961,0.9515811998598392,0.7254594446416902,0.599586666701472,0.7544858661355393,0.09505235417724991,0.3611248809390774,0.4737129752837786,0.6443577256820305,0.5504296346489127
(25,),0.4635856904566039,0.6556438971760371,0.5097402490381878,0.9308060529319135,0.02489886809828891,0.2338727804488208,0.04169475486234107,0.686598317117003,0.8012774572494546,0.8784467023277579,0.291909585294604,0.5767009804257948,0.235033216625795,0.7304436520558732,0.5245119609216009,0.9027428119861185,0.6969536315719125,0.2167376004316732,0.8791088038457003,0.03945141962710807,0.005717418288040641,0.6249199949474726,0.3247927696137949,0.03385590832178217,34.43223844692121,0.8866223193806064,0.6143491344280959,0.9944935748588387,0.3093062971251363,0.2097658308469389,0.07428422471188588,0.9946359922449947,0.3674389402687982,0.9608827742144831,0.5184011140718449,0.665811102984671,0.0409666181865761,0.9082740489172297,0.7068465973353059,0.7554255849673901,0.01690247601041398,0.351202943681423,0.506738085269113,0.7607799107252721,0.3221336790977775,0.201477941960431,0.7435111526459834,0.3769657803104179,0.03345822857294361,0.6190123061335578,0.9779973492528521,0.2376187357390948,0.8694267676599922,0.02626083215073282,0.3165087555190758,0.8603276890242847,0.8768612335271055,0.3464597304915113,0.415188028343466,0.158470838942888,0.3291445309564029,0.8182758814438265,0.8872369198281219,0.04911791522893987,0.3361638697034072,0.08067659073033946,0.09269539441600486,0.7482917806671359,0.008147267830547112,0.858360822273473
(26,),0.9580533909078772,0.6987752224211276,0.09322801218138606,0.9591879323535457,0.6232723888876093,0.2395146960252209,0.06462214621143808,0.8065675424499215,0.7786546363781719,0.05243538102419702,0.8830262265876112,0.8736649053100611,0.220321434570049,0.9205138984182734,0.7849996988125777,0.3596680257331576,0.694800208263083,0.607763880021884,0.3560377879694163,0.8007056941346801,0.771215315354984,0.22592529076839,0.4372403743533055,0.6852751264438091,0.3520262551239654,35.87832060151586,0.06138020886748866,0.9684730010404425,0.9043465711924866,0.003751363411960334,0.6398690397313962,0.09051681069822724,0.3497812165682302,0.5436048727807519,0.2490680085515591,0.6488449438639022,0.2845264525800946,0.7732666293513473,0.8273478677718453,0.5782488964946138,0.3060896825558919,0.4748681077896739,0.1262918727909762,0.2953457168101684,0.922850093635583,0.3013395474218253,0.5409971528776117,0.7980495437848,0.6604893527715856,0.9526551548111484,0.3345295188402732,0.4227518863931358,0.7195259123139774,0.445561860560956,0.03854094031065843,0.8637908529884596,0.01029180825890708,0.6066238991049445,0.02938035604365457,0.06966841638376253,0.6901061765651265,0.6192217725712945,0.9501844068861199,0.6375356286297034,0.2730419438283119,0.2687134463912802,0.9729231316071658,0.713987905679233,0.06241032643723537,0.5900328328623049
(27,),0.09024832144274013,0.6487279800102947,0.5011153800708397,0.7884986739928707,0.1149902646053158,0.280323980264001,0.3547751642787673,0.1391468762297567,0.7625171269727116,0.4579844850802037,0.3885848829444435,0.410371581620333,0.07419254625402485,0.08495105350512899,0.2757069086505411,0.5913498280190131,0.8822591387150883,0.7947229053749114,0.9481458443819878,0.06752932341794439,0.3389381075178488,0.132549236137307,0.8308392570763335,0.4226572090778359,0.7992656193612184,0.2918072905867169,35.64597369201669,0.7866041469422368,0.02178777533072529,0.5035440934434607,0.09029042722073408,0.8133857043964567,0.8161777073726401,0.4688996999673141,0.9870698411902886,0.3584088600831533,0.9230438215516173,0.8615578762784109,0.6118011176361338,0.4200540328788732,0.2077693697582809,0.2855040613597737,0.3007629234248546,0.03240744993732444,0.1319579404219824,0.3936686952340078,0.8176060664232836,0.0879242993862884,0.7610144765440395,0.6552407000605924,0.6317830856895369,0.5896296451988257,0.6621063361363474,0.6538819758624554,0.3637387294006705,0.914233157303538,0.1239015253606841,0.241376158567446,0.9795092429093439,0.60696739409507,0.7469199701437818,0.8524501687426507,0.6877789310151362,0.7315766882556337,0.0004788853787111716,0.2047279595251788,0.4106301081778541,0.9703236465357445,0.5519139822682307,0.1712057513822521
(28,),0.07874681851560161,0.6846843259765466,0.6101481473638718,0.8017534535475616,0.7590312851408805,0.5278176542057827,0.1391262582965084,0.7628191262866768,0.8116309192336084,0.2408174454013511,0.6307505934188061,0.5535261801130964,0.2792826974491661,0.6965564664185021,0.5058515678991269,0.1170951056745851,0.8302844850181214,0.6545289667882018,0.351247249002203,0.8304409733168897,0.8733170191587711,0.4735662744889093,0.07168854998592808,0.9418787994581052,0.75256644273883,0.217849783322526,0.4259557787222914,36.88276132840348,0.4135796799344043,0.439827737573416,0.1927796085312842,0.2611469566780977,0.5751684740756605,0.1848473205665406,0.4685080322942248,0.9232443675652047,0.872902851684943,0.841174764635276,0.2108742719330657,0.2020623641135396,0.4990815528112672,0.2318063183916473,0.2735927961197149,0.04764793990531389,0.2432106122335694,0.6224836573161903,0.3811085905602403,0.3697262689331109,0.3932707129785426,0.7725915015319429,0.8766564400555757,0.01725469715642816,0.1657362210625109,0.05388330634509967,0.08771793720032295,0.5320766604596808,0.4683181313724815,0.1268726284086802,0.1292976564539589,0.8060728363742493,0.8762258544617151,0.558103757980407,0.742406884949983,0.4546867048495488,0.309398303887904,0.9162645939164066,0.4846577524222296,0.02442000035481148,0.07743447720690538,0.9680404607884897
(29,),0.1479707972052072,0.1382517773503563,0.7791771767339604,0.1328531111660808,0.52755872979182,0.5639494054185558,0.1702993925686866,0.2794581067180187,0.580998123779377,0.3762233576047425,0.3807540403900872,0.5011740713725895,0.5165353824569858,0.8150381165238837,0.9520891944104357,0.4295718690821045,0.895213078210346,0.7812125552059731,0.8624480310961045,0.9442569072844023,0.9553020899315127,0.783542362905345,0.1976360127850422,0.7801700175198611,0.06138004126530745,0.2390481855962359,0.07650659095716847,0.8857683899860576,34.05674694153248,0.4582797348024173,0.2171594142416987,0.4018170499596354,0.6043637635321174,0.1335730037464343,0.1830832040451158,0.812703914709354,0.7373425702204224,0.5623206463009692,0.3697271717205856,0.09313798450502095,0.04610316429342955,0.4792347209727881,0.9231846791115249,0.05546363452106402,0.3770817991229337,0.0542040966739287,0.2323421272124379,0.3030666636420642,0.8382810027425742,0.7731655000503554,0.2019960578789335,0.569842015474967,0.01493804256712888,0.6476990043934262,0.5190114707978825,0.4198526532695672,0.06202859086257261,0.6961987521945242,0.4710323054293693,0.5916529620888451,0.342078269551189,0.9952512985647018,0.902104800819825,0.1322075801836047,0.6731299394413819,0.505789731548461,0.2101101542890104,0.2267759180209466,0.1560269673609718,0.3700097240118126
(30,),0.8347453900134866,0.43022171057554,0.1320288959518792,0.207097604049385,0.1842308361650649,0.1963632501487079,0.02628053222855602,0.8850516108020711,0.4227124058344494,0.04540573242420222,0.9188228665959721,0.6810087064179442,0.3179735123932728,0.4775284013531858,0.8124147551816674,0.7244369641607539,0.4884140361579346,0.4572369505054347,0.4165116643474603,0.02790634404005593,0.01052374935770593,0.1575144257409417,0.3043007635374473,0.7440942490152158,0.3953795420031589,0.2671259183995912,0.461149454672196,0.3595944494164238,0.007553457530870629,34.67438702650528,0.1641441942336923,0.5499345583704116,0.6547282124516288,0.1793311652157453,0.9194913977172072,0.6189431134808973,0.6354727382492853,0.990443209209614,0.1338344215424169,0.1834825672216879,0.9275458258397073,0.9776276831092683,0.8392011617822943,0.5048472413777506,0.2825745644086043,0.3188619693153338,0.6662435079840765,0.8106170205849632,0.9989315748348617,0.4404418994091012,0.6136977029337238,0.8481605934299122,0.2914542265624193,0.9839667449285285,0.5020428062599815,0.5828520965656633,0.5197366153042422,0.6176299840521258,0.571327617919525,0.5539347397309301,0.09767637516936853,0.4626839359504338,0.7064251437024339,0.4126846000873337,0.2957186796728064,0.6907274699492746,0.7716416179389312,0.7357413372176503,0.729009496633916,0.174660817472135
(31,),0.2930992986660865,0.2905083653782383,0.6558781292856333,0.6227979263754269,0.05748440946740042,0.6839980563852941,0.1394287854343778,0.4335543277980318,0.9096221017038851,0.742639121198473,0.511780788682614,0.8838468464943525,0.6088522846296598,0.4206271440007938,0.1315153069201945,0.5075934585808219,0.5578674540606782,0.6643812733811816,0.4489891929845127,0.2053567471723008,0.1010016045884649,0.7223324322984558,0.7572582420636566,0.5090336754098042,0.2536423293745701,0.1264182532056677,0.8462288398440504,0.1458441860894541,0.6332773187280085,0.3684868951246027,33.53677665302749,0.6299940811700782,0.1795933630557858,0.6560740907929579,0.3537600792505354,0.5635621520540975,0.5146163774661247,0.1863313782614905,0.422278345092383,0.2551047219685141,0.2820855055333773,0.4912376468100418,0.4255699853389488,0.4751392636712722,0.2800918555782617,0.01594607793283684,0.4566125339141942,0.5887383058374619,0.5343711689616918,0.7659218086305281,0.7874721617293217,0.2626628768763059,0.8975820452341547,0.7363349419009869,0.7707129273135455,0.07807957904512987,0.6860381383194917,0.5522189854699413,0.4449411118067882,0.739479357443767,0.0710116665349916,0.4402268753326635,0.1879808516268845,0.8649555713673615,0.353207046584939,0.495470353090592,0.7902692323873675,0.7748407059781413,0.5658390830244611,0.7170796053133698
(32,),0.4464053075309566,0.2822622388444314,0.9299155770182279,0.8904217182267928,0.4978689929590601,0.9274424346098772,0.3545270822685126,0.3771238365887575,0.7278894016869766,0.1783480812805754,0.7050273431340721,0.5379136930502727,0.2445707061491997,0.7458852207839372,0.6174742832296926,0.4697449932408467,0.5456603685306266,0.005060993994529743,0.7862096390582299,0.4018972679798652,0.1007012279663967,0.9077312444047807,0.8769785836023779,0.6798322516887421,0.6030757978435806,0.934843516468872,0.8034236422321043,0.3008546131194951,0.02151356418492562,0.5554071804752885,0.8274146756209784,37.59939373166794,0.8848364013665034,0.7625166514458112,0.6246230587186967,0.3373995708355119,0.7494486485055647,0.8570598374145809,0.3131991996219583,0.9276518991938942,0.9595598669556603,0.8627343267699007,0.2440352376912237,0.380860822210397,0.2412777439156072,0.1287354757456354,0.8328751723018956,0.5720887936652013,0.02050268558854061,0.473920998277509,0.4357946599022469,0.2791327697120598,0.9802657054160393,0.8365633214119129,0.9261009774223251,0.8415823411779644,0.6550202214088338,0.3422587722433817,0.08872832138807175,0.2051439586125366,0.5919846179084097,0.8594029136218365,0.4522333467185192,0.0526852344998197,0.09947596652409088,0.6342695970871579,0.3528874370716122,0.6653896898184203,0.1114264839388735,0.7222955277867475
(33,),0.8184960622138817,0.51739318066743,0.8465450975678579,0.3908566944808099,0.9631191104616602,0.7906730788806913,0.8339515644674016,0.2266590652211148,0.6680664646218912,0.3220717737783683,0.1024976612907248,0.9767032046122068,0.3773658023117257,0.20148814837485,0.4759113979309758,0.6755814621807195,0.8332036671908949,0.8335642173783929,0.3306101259134989,0.3937580745159042,0.5845432279093473,0.8276598153450117,0.8125394185229151,0.9717134367406289,0.6673954267996859,0.2895041836524676,0.02964192987183414,0.9533479491932464,0.5492085678021568,0.1927663724210172,0.2898872478059736,0.3124243511574467,38.02172879141799,0.9979696319803678,0.0001566435617063618,0.6196723212994598,0.3597251172921181,0.1763035072245167,0.7673672057970955,0.5983753507478565,0.5319854165467705,0.3059450185068618,0.8148696994935792,0.9038843442592474,0.8545771835064911,0.1703311144728442,0.3620754809247039,0.698812192512698,0.3047232088602079,0.6781764764437731,0.5082720818521508,0.6443073806857569,0.7990174949460638,0.1819156454843265,0.4398673452997632,0.1991312645956687,0.9385410782935951,0.6858914596895683,0.512672329475527,0.3712794386992424,0.4520506208362325,0.7330645632382196,0.6627535320497738,0.06341927659288076,0.5953586918257388,0.7366248115810039,0.4914057927233979,0.830971456541996,0.4159688207312947,0.5451180115627541
(34,),0.1339882441647259,0.3704021782727607,0.8614546781838365,0.1044556743400662,0.4395525929246339,0.8019803654471919,0.8500372460675539,0.807509069773432,0.6841239133711638,0.1142452415673907,0.3666095307807724,0.9269795739868489,0.07614375547194481,0.4760155921052853,0.02358032153235813,0.4797248629086728,0.5530465418810283,0.2104989049924506,0.9657195371828311,0.4076491000107979,0.9731139130184766,0.6478448481949495,0.5183029630526397,0.5271681634477537,0.9499954016630319,0.1093683222945813,0.6154475902809754,0.05209690356659216,0.9073661219769873,0.08952568624712433,0.92520751496584,0.3485079610071604,0.3084502170085354,37.73440889965575,0.6878862177821744,0.4581970881126423,0.9278749877019029,0.2747397205184741,0.4105196757086886,0.09021124210084902,0.340485790593013,0.275806093987467,0.9341462177841444,0.2490216630256523,0.9198844068628728,0.4591631261075508,0.2466939386763892,0.203501222653603,0.8382624254563928,0.427046731213379,0.9805086811707402,0.5359762609546763,0.7203521719150218,0.9513300017062053,0.6504499857619295,0.5488343146644196,0.7445935662485107,0.01582595976984463,0.1388601443127197,0.5697973444573298,0.3563632934644843,0.9869311561295592,0.08685349381143023,0.6173206976003748,0.5162222729245758,0.7838807129374006,0.1620176195665295,0.7166509303040811,0.8392166589235258,0.4916634522571072
(35,),0.7380693725909684,0.1831929868871272,0.7621467246445283,0.7024510611657483,0.9387767862881934,0.6615574388627874,0.5692694366433336,0.788251762712211,0.5031392263329288,0.3661599844414061,0.4409022896894166,0.4185668883307165,0.6477272808664015,0.2175925157142748,0.875269926031696,0.828032607452933,0.4559231238632714,0.2634619829995016,0.05244429571823928,0.05306150999298846,0.2354750532739873,0.8539510713839601,0.9596585566276559,0.04360750606711594,0.4150539971375403,0.2339055131937359,0.8348387383536594,0.2724549878113453,0.6848138346672934,0.5569923416476356,0.209241364150836,0.4732309172908499,0.4028907457405777,0.1349402200230872,33.34991200774233,0.7554926225507538,0.7219041182662346,0.8074839776621454,0.4704884899737924,0.8910150985047943,0.7831564830249581,0.0654082091843478,0.8890234418288552,0.2940495445535638,0.217542818165703,0.08927938138110977,0.8370871878647571,0.2519835053074819,0.3172543116075745,0.03483483963709562,0.5549869865653556,0.6936118181448238,0.07677117652054584,0.7752133240313163,0.6465626100811364,0.3133307118211178,0.571788421543912,0.0399468203617299,0.249431502839086,0.962294518692153,0.2687259943578186,0.05684006165154575,0.01260637875246197,0.4836213211053003,0.8158925897348402,0.9092867053821466,0.9275304413852289,0.1266205267112804,0.09833124617226265,0.5534627737771501
(36,),0.1647034763796184,0.927118852588309,0.4696882708460611,0.9717572029979076,0.7893548676748763,0.9068051973053778,0.1076667890435605,0.3370398500433021,0.5515487122050828,0.7633797881125519,0.03638603645145018,0.4768481113692249,0.4955223720754482,0.2081463947015739,0.09604878746524408,0.7302835893571542,0.788324448129303,0.6999700122865389,0.03550032163101455,0.6736691834577511,0.09626577158921744,0.2258474040154014,0.9641950223250639,0.3718449489268353,0.4079838506056009,0.5295364069850803,0.3425691490142875,0.393525828870907,0.4188231740288329,0.4306281908823683,0.2628629482225237,0.1949299970036629,0.3062194189403233,0.5249907582595142,0.537329212101007,34.99863967603291,0.9256935573732252,0.586598875513605,0.6482142350627422,0.3230201246569989,0.2924637576643335,0.2112306605216751,0.5354817141362732,0.9246736354580491,0.3394610604486024,0.1122025175544062,0.7352362237176105,0.417605082674752,0.2752337326377521,0.3723154657739867,0.08226931671452302,0.7887394620652192,0.7781969773454712,0.5924260257615789,0.1262842136908968,0.9263250462506669,0.8687165002250289,0.3876297251225692,0.2249475561060368,0.9644901493166407,0.1521035410752244,0.01077127918874827,0.4536979050090509,0.8418708853815763,0.6385633114649609,0.3190510355307366,0.1047750031422839,0.3504725453132237,0.4122807461209591,0.7236874093853135
(37,),0.5186455603117041,0.03598713049617276,0.8982245493792369,0.3001166222213632,0.1518282258811529,0.4457920548963104,0.8252530197431794,0.8892443773795025,0.3230238337917945,0.3572358469156938,0.1220932522058708,0.8571605644005648,0.2219395425769056,0.6221192862935581,0.5478518551178285,0.2829457893295166,0.4069462447472453,0.6384695020565565,0.7240313605119255,0.7020423263769549,0.8993622386699007,0.1908864555543627,0.5382350845426066,0.513541868503442,0.0834117215972759,0.2302269690072026,0.9841331441252652,0.819831635307449,0.1725919295323445,0.1217266378878298,0.3412989281253982,0.7914578242824188,0.3438578322845746,0.08648574919589737,0.3325818031193152,0.8233968460182298,38.26954507541233,0.4122167975774498,0.6619385708595001,0.3790833232672729,0.6372161392566679,0.1232507300577432,0.214903733803175,0.4869770770040693,0.8046036503564489,0.3152294451462295,0.06311362778714179,0.3128241028281071,0.4599846446594316,0.1321453654472015,0.6325836202362384,0.06329357734608387,0.01182379107069395,0.6427778558368427,0.148530647372345,0.4735942268243652,0.9163674029445074,0.3988828799950573,0.1715554320182525,0.02004589052438199,0.08504126993893157,0.1220425997537665,0.2493064583556099,0.6834671675796656,0.9053169185050232,0.4436985358028616,0.6492187777296468,0.3168752499047482,0.02060337819595394,0.8784276821386527
(38,),0.8012792622492866,0.3309807520207251,0.4968620593081371,0.3952039607467095,0.5983152102863243,0.9758913870587724,0.1320401111851944,0.767344557601528,0.0681033276698635,0.03589431625398322,0.852658296505917,0.2952723800345923,0.287681140347386,0.525180190348142,0.07461943001945197,0.6168662945689962,0.1294805255524039,0.797188150272504,0.4615012693680677,0.6076732482246282,0.1192287608913655,0.7471652659426132,0.0651324554410024,0.9989775228428288,0.1954216188162944,0.4429266566325512,0.920458832134036,0.2284178648648478,0.05304111084303364,0.8523542044925576,0.8536646869233527,0.2365523963886959,0.913740883003527,0.7583519735781074,0.9203600076553412,0.9379011323762726,0.0991604514986435,33.29535245575137,0.1302830953503104,0.3079969584185719,0.04231987675415801,0.07089489500592047,0.7481134401508742,0.8051224214500372,0.3217648704273223,0.7674932446689076,0.3639330913625667,0.02287181260496172,0.8970555403898808,0.09290176461394849,0.8419582627298249,0.2837526184325886,0.4995524042901585,0.782396923724975,0.9898396016942487,0.2627984741723398,0.04839983060805615,0.9558300589142097,0.4905213486119251,0.51036066092014,0.1909948004883262,0.4912513744669922,0.3886350392641919,0.8654321016729862,0.07645314679520367,0.192196464895262,0.3626192072972379,0.8069578537570382,0.2685729699666586,0.8131866079038724
(39,),0.7180119772013366,0.9853401026185027,0.1133512725009282,0.7856409410332816,0.07497348992490034,0.2706786464814918,0.6432971926280164,0.5027575742438204,0.9649203429862495,0.7602808633544941,0.845098105859208,0.4121572065988782,0.3875526261910443,0.8024232309370705,0.95420682281693,0.7895831617009911,0.3507520674508613,0.01036828808502394,0.8530980021406037,0.588732547111098,0.6736310327321031,0.9609417309168713,0.1957136754105877,0.1219540313448301,0.1365604237703664,0.3831921707714932,0.8010166198398608,0.3162361017379055,0.02587137179868929,0.1362421201728899,0.6420040061966544,0.5929160560464903,0.5314315374095145,0.6488569405808498,0.7964514098394986,0.6735537972035774,0.1020916177635171,0.8049351066910567,36.12411565741135,0.3954923268276735,0.1439466051541769,0.7272055185278977,0.3835406119796622,0.09397934940813779,0.1792976313491427,0.01791399381032565,0.6160969468026439,0.5555461251755036,0.6259671085960196,0.2381663307588157,0.3714534952928015,0.7874118664036661,0.9731362802701771,0.9311033966861644,0.4939129927956371,0.7810539677460623,0.4465035230621155,0.4700941410033885,0.8942735849306082,0.6106877378640908,0.7715676743219938,0.4425951241963972,0.7444204569422523,0.2199038842047421,0.7030792820515965,0.6485194683487306,0.07753465519962954,0.4397596102128365,0.4951320069766096,0.4779957484203717
(40,),0.6416780795565037,0.3785576591778986,0.7106130525712993,0.7233616151372986,0.5121509470656656,0.6921818719795043,0.6942884477727734,0.2670337110164471,0.4285654530274769,0.1003300898222338,0.2781710854057463,0.5272510784150809,0.59419459512221,0.4197631473715597,0.2516339239208879,0.6595372790834151,0.841264136748977,0.4601385930103837,0.6313868037711525,0.2945243230694983,0.5444863747114144,0.9937514149399421,0.9120875883450845,0.6564380034506032,0.9215594925265261,0.1667755898378208,0.5306548063417864,0.2861219011510764,0.5616980014908283,0.8401377696636415,0.003014110187397978,0.7951396157440799,0.2211535831663853,0.2970681176358435,0.7379367066896847,0.5184924588052733,0.1770922425533514,0.4297183171093404,0.5897063004101749,34.92517554331449,0.4250235442551329,0.5129001831416443,0.6456124537427679,0.7457870804793201,0.3458660294751448,0.3476071911817741,0.1902582141855202,0.6017728306319423,0.529412785601199,0.9073960097560599,0.2647078337224401,0.1790234594520127,0.8775453609334901,0.7560041727320003,0.436419901881066,0.3978774643685903,0.133877971742048,0.6058823149165578,0.6098357195848318,0.339680368144433,0.1655553767394804,0.7801658298591113,0.4469722855709882,0.8644876743060675,0.0667750845464487,0.8605954458406055,0.5702573974619097,0.5670104062707879,0.1037659122055157,0.3474409527793374
(41,),0.7916006317545062,0.6702372292030565,0.5513559938801935,0.2515503805855663,0.9387269393874355,0.4176598818477545,0.7413794946263214,0.1855112482437405,0.8370281262628112,0.8083717130004668,0.295517711637488,0.3630312089487415,0.722158271252663,0.2034455716921264,0.8482851561010023,0.1594005071073204,0.3792650064528454,0.6616354833146916,0.3662900369800373,0.3221985088713112,0.7918875746450947,0.4868876623211804,0.5472350007251362,0.5393180493171346,0.4839023381934626,0.7351673203800401,0.7473972844046486,0.6545076897227757,0.2108357927700978,0.350994838094721,0.7415852293089209,0.2659525024421182,0.6871914367349977,0.582712998888007,0.3536184897277449,0.7095423839010815,0.912407300385526,0.1196605172426579,0.1188637363177878,0.3216565387622132,34.04350311799946,0.6309423141573985,0.3943436379029562,0.535592075086787,0.03706808731506642,0.1679653575699718,0.18440184767673,0.3182557433188757,0.4445832759413323,0.4046025049264064,0.6701865453642004,0.07214664349207672,0.6853320794676486,0.9503953988939678,0.7757661176044651,0.1638629316407811,0.1739701348106221,0.5435687223247627,0.7277908959816136,0.4477046407364805,0.2700309886839566,0.9544342812599838,0.7242363382447943,0.2094214592474397,0.995195763252984,0.5010512135785794,0.01064941987505714,0.3280110701345735,0.5608371445709743,0.2751826995035508
(42,),0.5419048912598667,0.5810536074721686,0.9854354747073675,0.2993467906601248,0.08761915469117973,0.7924443696253635,0.4352129406819836,0.1830313456457587,0.457754976055136,0.5708824204075782,0.3900869919602604,0.4127248324191096,0.3832462495207459,0.9746156939631421,0.4888394620237978,0.1997495170910644,0.6499228836252994,0.1446078926389542,0.1928455637214798,0.9658802391028799,0.06965424574135973,0.1981333629278941,0.7501759413980273,0.5359464619091884,0.8267275042625722,0.1278834882485191,0.2803320830087667,0.8227931230680237,0.9187448921670552,0.793966671556736,0.1697036101955411,0.9279760133054079,0.2174973253626326,0.6084057301277426,0.3342898446494381,0.6968529828194069,0.2062270577089099,0.843670065720375,0.2524541320385286,0.4041427267460708,0.6329272009958212,36.21144406530456,0.9433255518007095,0.342906267900103,0.6289249216885909,0.7919680308608388,0.7013526410334495,0.5139214411908521,0.9091786474023964,0.1321485506295611,0.6896415112158673,0.5350782512564546,0.5554764753177842,0.4822416318524767,0.8768553722313823,0.5315519992297806,0.2624480772652026,0.9829338911008855,0.1145393670463997,0.6860626676164914,0.6799343970578529,0.04084188537522299,0.6044267202506631,0.4926229272855153,0.1099147217596325,0.983588834524408,0.9070416009069873,0.431088647263936,0.9075632363800927,0.008156036629746526
(43,),0.928777309951712,0.6790933447844166,0.2906100964685313,0.8420911423390713,0.9690122363526026,0.6955185296958768,0.4731984804923756,0.2840662116471047,0.4250159480038315,0.4092193032098434,0.6964017763894911,0.762882487708662,0.1028036749089705,0.006030285407462545,0.4260493402756967,0.8626988637929143,0.3081227488097296,0.7206219839982821,0.5002438317787609,0.02803636571209003,0.2181527907238916,0.5157089185684046,0.5061674484129082,0.4108130647654411,0.5631581980334318,0.4373618428925664,0.1136327894188972,0.14556338902878,0.3337414954012864,0.8538276178256378,0.369875701790741,0.932571336292139,0.5064621142099142,0.3582207937105284,0.3731740428842271,0.3400918823241239,0.9584624529775304,0.945985135416047,0.8016689975214324,0.9027407070920622,0.6938512602100897,0.9860569568157826,37.09269886397426,0.2492742761537067,0.2147308989295019,0.9525852152255744,0.6515981518771279,0.7989795474100051,0.101505466651035,0.09964716306682464,0.9885532386024947,0.7156098908225156,0.941187898283874,0.4112816672882854,0.2608010439326234,0.4617142867927714,0.2229064071472223,0.9554774090157996,0.3734932636406015,0.4872859913615597,0.5077870317737307,0.7977492811764222,0.2926821891761941,0.6177062933291017,0.5310157932638851,0.5759779533385313,0.5577754065169429,0.2082777728805527,0.4810154210050512,0.9482970072690399
(44,),0.9328812727008879,0.05072319801959669,0.8705337014422427,0.5015745392416306,0.5619286533050302,0.8461746895115633,0.7716253324078041,0.6576495033574666,0.6465676721771663,0.9135221566296337,0.1038899143707095,0.9730023492605996,0.7269247965445302,0.5676112066236695,0.5609165217206394,0.9903994838003387,0.4149760523455089,0.3080283724229169,0.6508012183413732,0.40638719223958,0.9738090169401767,0.2046567048200742,0.8976981169369439,0.9613955115108105,0.5506069578956845,0.04827529352718136,0.7598758568898175,0.5587754712574948,0.2816180507359776,0.6657032936941629,0.9021179159678443,0.6114080383159146,0.4804535892803653,0.5383646131045107,0.745290881346455,0.9669561391548706,0.8438377453137229,0.2102896274595535,0.2129300466397133,0.6087628142769352,0.6074608811769463,0.7432427423300114,0.6302304052982236,38.62903792825096,0.7143335528737914,0.9058094807763173,0.7987755431770204,0.1350484826946146,0.2849546183491871,0.5468932718542908,0.6026810073590974,0.2765374644016802,0.07382765643688032,0.5883377465056735,0.05238342771776284,0.946459090198835,0.2537306361644142,0.9049039427814729,0.1327829856378374,0.4915839346481275,0.02389954949286116,0.2796911164281654,0.03665299009233056,0.2309150940798582,0.7627779656306198,0.6675989945118646,0.5213951630761544,0.5841094004796314,0.8106146005233796,0.5324626720228182
(45,),0.5994459628975194,0.2306648904153012,0.945040189630937,0.7418809986237878,0.7657196203987845,0.196569654115733,0.1067933593613146,0.6866094780889611,0.863714315317637,0.9908196045526669,0.7415741292783761,0.1375614898409576,0.1231476819942117,0.8039142602532131,0.6729669538535622,0.8082270840569907,0.9392194625732453,0.9473463396468865,0.1519119890242996,0.2095013121929896,0.4542484584449513,0.9858622890107688,0.7745413441275981,0.2296016677631838,0.9434060915118253,0.890439854282009,0.9203294852658265,0.9157958447249035,0.7865524768996531,0.8679535775850348,0.3197125308308458,0.7221138372683273,0.9829551305797453,0.3531924803481409,0.3354133070019797,0.09093457870903456,0.7071827416228106,0.130631265560581,0.9051338562512037,0.7098372363337072,0.7532949495429345,0.4726460807880379,0.316399310843561,0.5910068333537526,37.83922681342174,0.44175933220831,0.7032761893627857,0.03174437451198958,0.5146479515916388,0.7823766457229878,0.8060654271048383,0.006961893647925057,0.09364615975023816,0.1493238016410342,0.7101476388050909,0.1422484617402532,0.4934616302722568,0.06952479513712784,0.2902779297913329,0.1503752204384404,0.824476410687889,0.8608175530023328,0.1998703615696193,0.3307245302064332,0.9136998068638567,0.9184002224579386,0.6767661957235117,0.4058306695903361,0.07889925629225578,0.4120903505335301
(46,),0.5280602581530502,0.7587717670972837,0.2806010154292672,0.2809565409884862,0.9108984721796869,0.5729430389693174,0.09282015769020156,0.8991755782428761,0.8482225559289636,0.0373376120103415,0.2924255600616933,0.4109492646807154,0.6154184732740853,0.3701833925581649,0.1102729184263293,0.6684996135935902,0.2926468812616411,0.291281854407659,0.1775235037694381,0.589321756200223,0.07696195878053863,0.875468715547235,0.1508942826085813,0.9904536578539392,0.5603965188927843,0.862946804526847,0.1660018259381577,0.9630559442637093,0.2544779536557593,0.4017240037261759,0.8184387605741591,0.2608910208031781,0.0007237454751421387,0.5556896256770301,0.983976257719085,0.08972026184180029,0.9946552087952085,0.07591213307654511,0.3781246172551683,0.8978504502088641,0.3114356772608873,0.8651507096046316,0.1167045665810443,0.591727201947448,0.6461453250072107,31.83756340499905,0.3734635919283535,0.3328068751940901,0.08068621406194311,0.2052634412870387,0.7730767501936586,0.09967432764773335,0.3958897859674817,0.564844550916264,0.2393315382000992,0.5434438900430153,0.7681519295097032,0.5441544826903228,0.2605780013544995,0.02029098942331194,0.3723324538737305,0.1810897951834994,0.7391672389096441,0.3762497166604184,0.7173697134968139,0.5969272679502036,0.5250454727472811,0.4879056083108953,0.1145964724964898,0.5973858544084055
(47,),0.05785897319263477,0.1258339551406407,0.2449993421408555,0.557019058502258,0.6576042467862268,0.3828275592544698,0.9067015525376746,0.3988512719414362,0.9506725718382681,0.9913544329955093,0.9883489268009258,0.7390585970474023,0.5463608502727432,0.6218826222036957,0.7614239221831619,0.7881003894693708,0.8258063393624033,0.9584603017779986,0.9103626955999783,0.000163752820568232,0.2708756649853872,0.7043913289335314,0.4646271198598176,0.4322083614191162,0.2284827401942038,0.4878658325342948,0.5331380514172341,0.8603420648263285,0.55951888132797,0.7601864601625383,0.2141176980941519,0.05077260989943407,0.8223675474483004,0.04029480939315085,0.1026100725380131,0.1621055509341313,0.7094253726891241,0.2825038623763916,0.7745137666699087,0.6478613165684969,0.5984131782765746,0.03387210472985393,0.06548329971967719,0.4493156464161825,0.1694574063930114,0.02623855833552259,34.45070307311008,0.5603966020413055,0.002068988944372528,0.3674610499523701,0.9483479277880216,0.8986981599350591,0.282343183600989,0.4376707265244638,0.5695836272090637,0.888693916138567,0.3198016270659194,0.1305798983930738,0.3313818121966275,0.09296877468408364,0.3151812639375123,0.2442292133385667,0.0868893444543515,0.7642493715659664,0.3697145821341944,0.627660810301125,0.9443779664407821,0.6212722459296979,0.3133460615593945,0.852447350152626
(48,),0.949093372703948,0.7666997156357037,0.649646224559364,0.02643632689400677,0.03313901971397142,0.4071329486272001,0.1380500393947506,0.6771999457690647,0.09336072281034492,0.434078234630712,0.628484117670055,0.1912419686534184,0.5237788440402927,0.4638287432651084,0.4911850363160579,0.7788310840970238,0.862404579494958,0.3747943108524274,0.8199133878365229,0.7987092451976894,0.1489356413223931,0.1110460490099532,0.05714893587849484,0.04818233245592948,0.2074376265864654,0.8477093145039358,0.6531517246787121,0.1370779719130124,0.8802527194120361,0.6288979853198349,0.9358712523749337,0.6112567528256079,0.9494074475972729,0.2007574445151146,0.8641942500501143,0.3320121116945384,0.5021435712687212,0.0982724639969333,0.386139895112933,0.5698993495750827,0.4670070118965914,0.2747132137911113,0.6601503307932156,0.5345931920861826,0.210519539438736,0.9288641712174279,0.004437898762344196,35.64038000464411,0.9783030976774353,0.8935535607910512,0.5684309610387963,0.08619085346702307,0.03381795543879006,0.3293417189987243,0.986670475220089,0.6108127519711398,0.765653301710836,0.2969703250531975,0.4928695732758627,0.5958142253462846,0.7497967535173558,0.6763037096220699,0.6285692257169369,0.1153740243911468,0.7785117818388835,0.8176354808980664,0.5456561831029406,0.9603047225812054,0.5250750763968222,0.8366361803492023
(49,),0.4353430542341746,0.9728493254823539,0.4519409061617893,0.3442416722014744,0.7826484314263691,0.2789630473573444,0.3196190076794773,0.7463178449260107,0.2377160125962328,0.6708405367724396,0.2699684279651825,0.7875805913504424,0.3893890995806004,0.2648959760911515,0.5314337610736031,0.7562724036234143,0.6752245167182037,0.1917644469274583,0.8452632515041354,0.8651401165431796,0.6989810316576756,0.6302043286511497,0.7903965204179834,0.6845734792970304,0.5125195685523923,0.5048775035757047,0.8655221735722013,0.8089568726419863,0.6742675153680979,0.3657894702260124,0.4914469063896938,0.03931513234844353,0.7263830062444593,0.01591872850779002,0.1510526064212316,0.2838105547972326,0.7505839745833179,0.3594225126035132,0.3532456860956683,0.4529143450580493,0.01820173337987289,0.6192573090321295,0.6582309681298268,0.7300110842393542,0.001230899660378267,0.6428874731377644,0.8131112832283106,0.7763833295349414,36.82217250829481,0.1907562853644806,0.414492417705523,0.5206626933272146,0.3045826818909459,0.7765840346865144,0.4081862851445956,0.5256912976096814,0.3679104501386803,0.3060043485848911,0.3813112412382175,0.242372953264037,0.1322016397151019,0.5649713197194147,0.02397168144903515,0.1136841266988536,0.9784744841430119,0.7123367805667024,0.8072067122637056,0.6637572839011452,0.1225149342323082,0.8470999144372654
(50,),0.7283922928846048,0.9578536361903193,0.2413322314502205,0.8438261782983654,0.6458332624079821,0.465516485372265,0.1715636933898475,0.4629315435752841,0.6472598715726005,0.08481492506299863,0.6739499015876216,0.5677975527231643,0.4140143643062981,0.4964243175949469,0.5982594086520447,0.7408517080256574,0.06049501804945163,0.09502508667875292,0.06108885884012979,0.7803765755456552,0.6818878444260197,0.4722297766921237,0.04443537402659821,0.2549317371574006,0.2540237376607057,0.06192761993145717,0.7964026966715739,0.2869362626921711,0.5090645981920943,0.5968321046988152,0.5009328180609437,0.5893323557847832,0.7790692797592037,0.8316174535889568,0.2810291144643355,0.02601881930446128,0.4718763105501924,0.937915877872309,0.2142683790720572,0.1589704141945605,0.6559840022769611,0.2681192032975728,0.01731307789963369,0.04722437580430028,0.5398289136342709,0.3363826118161675,0.9111817989292326,0.2863804444478387,0.5939827753576752,33.22088236291497,0.2876631316497243,0.7478216356804613,0.3885415703137509,0.9599287531907028,0.5777546904852862,0.01214570925039381,0.2451588134568603,0.5228406595398348,0.2511122358787985,0.6782042576483333,0.09234145374422373,0.8367746064080726,0.0434068523634086,0.06331859220446566,0.05776059180826076,0.2497589288729893,0.6319075146979605,0.5515070901151422,0.04423281260914676,0.5909804026633115
(51,),0.851541917434716,0.3814133149387478,0.6902881561010837,0.2782898176519171,0.1588546593500396,0.7627371534497153,0.4649450593487496,0.4729945484624334,0.8405273772542118,0.5517182045257902,0.6090319304415451,0.8058533593987122,0.9242727232465503,0.8154750131321101,0.5077362129904811,0.6457537190644961,0.2107719402996298,0.01118971091405902,0.4045257126564159,0.01204095883609549,0.1807518953162898,0.5608681859226268,0.8143516288663952,0.7613030094211828,0.8195893333318693,0.4979965513652969,0.1553410860832756,0.253349075005897,0.1637974975816872,0.1591219539160892,0.1935194037169982,0.4191621928821087,0.6431966275275952,0.6289146484851686,0.7817963094230526,0.7275022564435091,0.02326465240809198,0.5865517054936329,0.680753041655964,0.8923590595423249,0.6702276856917869,0.1461809560058122,0.2768718646769713,0.8318927436982839,0.7146898934506087,0.4888868221336744,0.7212432288991375,0.316498633752265,0.1157087469998354,0.3556696254105586,36.22691598368657,0.5196877564183924,0.4684998810188499,0.5281995418835883,0.1504629938664011,0.6674977931572277,0.6506861976619851,0.3561686796173535,0.5235106795770411,0.6278071727499597,0.05731387720088647,0.3372212695373321,0.5701438921404757,0.2099614978525199,0.8379605520029784,0.9713032359655643,0.9010692709854928,0.6905091889671546,0.7596271452568983,0.9747985232721067
(52,),0.4737072684130648,0.3842159418836498,0.08047125293976594,0.6206571247149094,0.5414912998287679,0.6440273843019241,0.345086993202748,0.9297294311759996,0.9365594489868757,0.3337933506537227,0.1428648769632043,0.1812571953567469,0.4658312799666224,0.4246000669123897,0.5892437472022134,0.730117326752108,0.5099779145864415,0.2355311470923498,0.5729177849261105,0.3915162864123268,0.6826371210211475,0.06934287534516276,0.182623983781534,0.6390672794862368,0.2806007002326444,0.7739134165115665,0.8813783055373838,0.8457027272907695,0.4996348703385854,0.6379741693907296,0.6342137404995074,0.7469070842062101,0.8755642739146224,0.9362752789846837,0.04756732445557799,0.1973892030308307,0.116330534734661,0.5049628832679777,0.1724682777708343,0.06848036860710831,0.3841604583913349,0.09090522305227282,0.912860013301176,0.1351298515185726,0.1003046739558948,0.4436217449479996,0.339653008438036,0.1427401522825964,0.6398696810469832,0.09629118173405314,0.4678645908778917,32.81122815245529,0.003149820119201838,0.6609917769144003,0.0814485803556097,0.621236158142901,0.1511513064141172,0.2700528466569114,0.2128112309191481,0.1448870714213138,0.7862143740324277,0.7137509041714611,0.665195391434363,0.8040897603002622,0.5283216268690102,0.4631533339741803,0.6733954344300822,0.06033232741855858,0.1220283247341219,0.6220705329621972
(53,),0.04567810596823833,0.65464147470902,0.6754586843276548,0.535839604102139,0.5270063295394999,0.2733929186606726,0.7928553864503043,0.549408320244889,0.1095121320289922,0.8806603072252928,0.3441084734643577,0.9012395538298787,0.3791624564091108,0.3676616054104564,0.07020919941774476,0.5982144899278427,0.8281055043767418,0.9578634683215391,0.03767351936949714,0.7792301986768536,0.3547301386432476,0.3446553768377327,0.9023010975378642,0.7597184198603889,0.05708641027347153,0.8351696617241756,0.9325132152144179,0.827803716934832,0.4743122528410045,0.3712107226040195,0.6986641865425665,0.217914885375382,0.4157462829010803,0.8164892878922384,0.131503588208282,0.6985974290325947,0.4408456155380271,0.4924847975589939,0.4419295018781121,0.5703944049357172,0.902892530848636,0.1937105967866819,0.2300546195234692,0.2209616744727612,0.3010796241608139,0.916964761841735,0.5944561000547723,0.8311370470066333,0.9166091662266828,0.6163787719649226,0.7876967541502123,0.6975392491924336,35.79650606173253,0.06478214957047923,0.8283412420744408,0.7371641788103527,0.1255286584738572,0.1258843294947122,0.654763995091673,0.2453987001903059,0.7911698688938182,0.8891103806183407,0.2225304038735453,0.1709051722471465,0.2035190416446312,0.3674201430225453,0.05838194436855804,0.936580039202809,0.7664462775661667,0.297105915564522
(54,),0.7263385869303255,0.08246216822402824,0.9129045853964503,0.4563071972879042,0.01036564269246634,0.4548969048189037,0.04421032449528844,0.02682651883402562,0.9837429721952172,0.3510806178582557,0.03852331090336258,0.0682972728874821,0.1434291740220754,0.2537011196734569,0.03863751383856291,0.1806942186993571,0.7000998194875038,0.3359765935933673,0.5057690395896146,0.8734448914898865,0.9352655597894903,0.009425535562474732,0.3415319219682927,0.3932462585757476,0.5246758805260863,0.9708700504928691,0.5321329241195929,0.8239570760508121,0.7514510540417706,0.3806850819420364,0.03404630814423022,0.1899054261386796,0.2645047652755277,0.2245725461304929,0.3944645727394486,0.4666862446545524,0.6385706018207761,0.1518044861929095,0.6686255038492523,0.9218084991676395,0.5055917457159357,0.6630849789732978,0.4841393958949142,0.2997068742761348,0.7994841322788736,0.4456921732902477,0.6418378546069557,0.8319120705955038,0.397047836936274,0.3743196305556498,0.9070524409367952,0.9337146656252843,0.7026976890207944,34.52831534655425,0.4311546934030755,0.5548111197676371,0.4913940981550375,0.9304388875822217,0.2397950324530243,0.0211803894362158,0.495071198898289,0.2414302282017752,0.9951939620253889,0.3671259363277204,0.06595839554185079,0.8377606390728921,0.9043564282051759,0.9823214373787298,0.421222597380766,0.5717972001329975
(55,),0.5263260728392651,0.920224205234059,0.6553694611931944,0.9651873005507581,0.763788136679557,0.9543812833088049,0.4444463541142379,0.4832328928227018,0.9941711386760793,0.2352140123748254,0.8539867470062908,0.1870598802726902,0.8938438648040756,0.2525307261105125,0.487884692776098,0.9184720552450901,0.3451172508540495,0.1860479370785045,0.8773945921629837,0.1650874597419596,0.6637208282034317,0.9877549890823163,0.8471530256708465,0.5599176483025861,0.8925899032825012,0.4337257203427967,0.7397360348650923,0.451190035131495,0.07117015663277793,0.6600382913568825,0.2270961868949325,0.9494309998494016,0.2232495736758023,0.1132835672112195,0.03703087972202941,0.2996823042117861,0.964304802185846,0.5940322851946078,0.4937039638397538,0.7049528436210916,0.2066604411851802,0.6916085897279958,0.07345507222971152,0.2063110207636354,0.09813408359737569,0.1518798175188025,0.7416195198217295,0.2582791919292225,0.5113580589192895,0.2227389560705232,0.9176782840068979,0.6805544693654632,0.6404038619660477,0.2609723479279125,36.63964197990158,0.6696256600812721,0.845550602923856,0.8545018974634738,0.3884381664161868,0.8952526372428182,0.5894933130164453,0.5386651924551602,0.4684874344062988,0.0348466677300231,0.4213114938647202,0.40948489550323,0.6363962235030347,0.1297966053374522,0.138409776103068,0.9241975957018189
(56,),0.4802473124301249,0.8189316062989449,0.7490134590207331,0.9807531441923532,0.3686515545100016,0.005659487863717103,0.3733853096051343,0.04258207181595176,0.08032907107827647,0.4698096695651712,0.8418243742426307,0.1410817185312401,0.1821253282207647,0.3975787990202923,0.3001998851336341,0.9365368269192695,0.297939669876314,0.5742928958454305,0.9438494168076217,0.2588224727258854,0.683926167797946,0.2985789244616191,0.593877632920692,0.5728759067602456,0.9097576784679633,0.502992724389965,0.5917062318802039,0.5640828662644307,0.5864901557779902,0.3484507587126285,0.7914637241232941,0.3991999053112712,0.9586177462579395,0.8062886266482948,0.7744432930117138,0.4021596412547279,0.2708016451159488,0.4368018584476054,0.6919574740530927,0.2744971503900389,0.806883920391554,0.8147957418121157,0.6011424797754206,0.1755609195801062,0.1298945089389856,0.8250853001285106,0.5018923648410794,0.8837522189209628,0.8038356511655059,0.7698858646003197,0.5658462898232184,0.7042867915774659,0.09430134959725273,0.7360018208134667,0.7760220121002713,37.04989971428005,0.3903504671996392,0.08176854239134039,0.7574463549214309,0.946579380191311,0.8012747266285836,0.8489094248945156,0.1329550036574509,0.008641363252266913,0.6503481446188245,0.2071241747268533,0.4721145675275812,0.4642657989776285,0.6511996205911618,0.3546139345709738
(57,),0.00485697183545853,0.8065135914000651,0.5991852681671223,0.6459164785066968,0.329311351615253,0.04676572658289587,0.06618093808914557,0.7743999839715329,0.1153264108255723,0.5329774728052376,0.8357781264451871,0.4507016202827874,0.5870674747600937,0.9828393482262224,0.03583226807956779,0.8489002273211387,0.4977534804705462,0.3751820522623727,0.9815288260586794,0.1278231084064773,0.4223405015804556,0.4390733749074962,0.2996566686300465,0.4533390707707734,0.4812438295262911,0.4754271762445241,0.3233306609548141,0.1447026002011765,0.8267403946280837,0.2314540674044457,0.1208046283354143,0.3754034394781902,0.5620779690330234,0.2276788810663203,0.5542205007891059,0.4008648886911594,0.8154813207001439,0.2949549059658066,0.2765019581974525,0.3943138772738939,0.05982485745820347,0.396729737196213,0.6583227720663395,0.1096353621018893,0.5139507620025403,0.04177299442339203,0.6837877164426798,0.4463604359081765,0.2401617921212715,0.2400239318873232,0.653935725226338,0.3061724266474644,0.9329196074784964,0.1571246912091745,0.3239772748632981,0.9424941226072336,32.24399020870303,0.4104366013500396,0.6035094803421465,0.1815884909233927,0.8156831642525945,0.300579664542953,0.995596648834017,0.2481715715415428,0.9605007220192158,0.1033191509896635,0.0710683266409666,0.7249508324766453,0.1462030932515548,0.4805167891313759
(58,),0.6960120958506915,0.1669019486588013,0.487598280057831,0.6641879766544083,0.8808393230941756,0.009807252534929029,0.74258834765196,0.58159034728838,0.4793505847895599,0.4213992017169897,0.4475962474133983,0.5726066428808095,0.9582957832346962,0.07538433647250242,0.7933507924281376,0.9430316329213592,0.9416981045762512,0.4960740803937154,0.5537521135275195,0.9121755762391563,0.8022634703807272,0.6323856776641978,0.8624003795940862,0.7264562947085049,0.4884221343887085,0.7399495142869751,0.165224466117307,0.5977602286696905,0.6193516409310156,0.8132347206792643,0.4201330073772675,0.5374181705304559,0.5869182267477259,0.5515982630890958,0.09937634724408839,0.4474292143565322,0.4881229041681461,0.9917905133546253,0.5672220388452729,0.871307249559363,0.2256459641475804,0.3999843870166275,0.7549393321132856,0.4931860901251383,0.9082894833169651,0.07752301641974181,0.008248603063963151,0.9912489956030265,0.5981753567454353,0.7737243765877264,0.6288930187662685,0.5176067647415937,0.5686239567019413,0.8498379976548681,0.2985042337933711,0.7374036162184753,0.5858355756248447,38.22331821924618,0.714215388559542,0.06476754022829177,0.1488047716768618,0.6203923367945072,0.4559672277145327,0.5944797627150235,0.3903925084343462,0.3034073180706351,0.749816934204843,0.6049752302638084,0.2441024623462742,0.0713208385183343
(59,),0.977742736277319,0.5848070909562281,0.3516965843789438,0.07908167204185122,0.2899140265053489,0.8455323247907321,0.8790805192783165,0.03000421496044513,0.1066654676644422,0.9187818143082943,0.5237050274411814,0.056118736332352,0.895272602359716,0.6889967687627229,0.5083249263870832,0.8855677106333996,0.5992839747888873,0.7693546948597254,0.1040517518740803,0.6267618749258326,0.2956492421287681,0.64780340832898,0.9079030701953036,0.3306125202896792,0.280562999634604,0.9887191223086526,0.002380425072438801,0.805568607830701,0.8754174476972111,0.3611289809444282,0.2679899942119964,0.740118720808701,0.8065988130959622,0.8329825059549802,0.1374563505999769,0.6223849959848631,0.7092546474370074,0.7618213668530147,0.4043705918239179,0.9824228322445779,0.9440530795521044,0.2721410325315683,0.9052692613163688,0.2364317469389308,0.9158526554949878,0.7531166866065514,0.4373453669696817,0.4004588969665618,0.658225200186814,0.8688141545483599,0.419916801960266,0.3019128301468167,0.5197498372291212,0.298507351816872,0.6588080736621974,0.1476859584836784,0.2540635981735733,0.6042713794258862,38.49741334778024,0.7166394355774364,0.9640898337002336,0.3684787015213039,0.9275994459891346,0.5330164552127379,0.4393910447890951,0.5511666673892841,0.2741613971299731,0.2230941047029955,0.4514972952676674,0.9597638915173836
(60,),0.1876492026673873,0.7097178380434519,0.2777352856747116,0.653135219025884,0.5278526048861925,0.9342598383242386,0.267763159135386,0.8845464378604617,0.268409541055684,0.1035480925623116,0.9535126273722162,0.5162027256097943,0.1439727326869042,0.2556117722618434,0.01648703725397721,0.8646314556886935,0.2386657370142649,0.6607630711882908,0.4637781094164301,0.3961897862678707,0.1631635880716259,0.465180477004035,0.3345020679980807,0.1564660759989331,0.452068852023693,0.4000629622264417,0.5631395823022289,0.2630174486982414,0.08567950884185122,0.277826151516934,0.3650898532315108,0.02731585892424419,0.06677156114407723,0.4420379767796672,0.719410209520788,0.3208128307089009,0.3632108689094558,0.8050403365821942,0.628130321966107,0.6285186446997295,0.3646928918948649,0.03987321361401139,0.4283118201916981,0.0546403309771035,0.4097644936539783,0.2890099432102091,0.9881823526013601,0.5094644251426266,0.1432620397929997,0.5126911083834177,0.4428297725512677,0.6591223246731598,0.4387711675577776,0.2282810377656021,0.4573432459711069,0.5901124253044067,0.006810305854374504,0.7658526753139904,0.8700367939422254,30.74949928481485,0.7552232114037395,0.4777202901627263,0.7433532777351659,0.6516300659802128,0.170232989427995,0.03082607065485449,0.6663106994189091,0.3713479914225712,0.851880664022354,0.6912337210651252
(61,),0.4231084032130283,0.17433658621598,0.6599746525368501,0.1344973591209257,0.4615560191753875,0.4180089800624252,0.899676474575219,0.6577056752261378,0.2953829906745677,0.6918026619889425,0.1629737610331394,0.3411091546671183,0.447065194506801,0.8004095295965806,0.4439756553852749,0.3311466233533043,0.0519955258051802,0.0006550659740586028,0.416267131633841,0.3215091618136808,0.1016716000679703,0.1931501351600012,0.7506595236746703,0.2459499199928245,0.5452273111162836,0.6804280647157352,0.1460123815244814,0.9832990898108696,0.5826066140629197,0.1715362303714744,0.8093143319375796,0.9029418160733905,0.3399126223433537,0.6567655672429139,0.5937438251432284,0.02561821632427675,0.1485342996332824,0.5980127650252304,0.07599085734435156,0.1938382553264265,0.8705459567139063,0.1635848376490169,0.5609784601757234,0.4602680260465333,0.3634524362284182,0.3260939796864215,0.5198412165580675,0.3240582094704496,0.6061883749508311,0.8981668903396037,0.8341375598996331,0.2696389021740963,0.8154452639016251,0.7929081126926966,0.6594957969002244,0.3771792937765311,0.7242785793774594,0.3512291914501164,0.4053591869990787,0.2590999970666879,31.81229003944322,0.2131409892257175,0.5570972453811469,0.1162771205779619,0.1837351706736906,0.92245084994722,0.6161678429048694,0.7046526775557272,0.4871229852745427,0.5413248523955051
(62,),0.3549086678285337,0.7385972107581401,0.4809111221801708,0.1062175119690733,0.9566358093532432,0.6855743092808135,0.883441050883969,0.989109713036501,0.1329563150814811,0.9811221543520925,0.4298871534581773,0.2617843345732041,0.9009262990303762,0.2246287605269426,0.4423215193270675,0.1241469085863866,0.796928025546792,0.8463108843992367,0.007178923276133928,0.3138944146101782,0.9996207540353683,0.6900227130354127,0.4312606745539266,0.3949706559394536,0.2342260755113875,0.9093164807379992,0.7311100783273737,0.5732699644686393,0.6665065143453288,0.004947293306397122,0.2605003409298544,0.2136606314823049,0.422306083190323,0.5295224036340181,0.8910008976136927,0.09733547512308549,0.9165541210131426,0.08077738811463211,0.5799749544798791,0.4905627755731222,0.1927333876579486,0.1572145661703351,0.1632522104290162,0.8626505922576311,0.4407619730081424,0.3256432809613632,0.974970821676639,0.9413337027350759,0.7710650968787792,0.6815748794291858,0.8802385677789494,0.2153351011804253,0.4287329740468394,0.06967748548656626,0.1806669654949772,0.5757928498192083,0.9280173893983302,0.7346157696960466,0.2401417056467904,0.171322847290175,0.7822359629656499,38.70204278582301,0.05305257658850274,0.8752591631841365,0.082486804941762,0.4050468511359581,0.5503954341259945,0.6959467859001981,0.9413860358117332,0.3706090316920653
(63,),0.3674853604707401,0.8778920688970426,0.2449442359822764,0.5656000979300003,0.4982909535554015,0.5356444398315342,0.3280647754752358,0.7825093622638611,0.6083112279910268,0.0737379791442964,0.6325663995728272,0.2270570637006994,0.4136882423142301,0.7392106864853655,0.5000018407111917,0.7603815704620911,0.4098506080312177,0.06903980436529397,0.454443676015347,0.4448612107750884,0.07168938845753983,0.4246533320773301,0.7868889423307917,0.4559013227272291,0.4907916126613947,0.5075840218696493,0.9968714186590938,0.001791937666125304,0.999811176960941,0.6595619772526135,0.5933990312300259,0.1791547165249004,0.4260869328653614,0.7070114554658113,0.3305887554495405,0.8946653252717112,0.1750560700658596,0.1738069764438319,0.5708669056849751,0.5604084057588377,0.592671967109844,0.7630784421231983,0.9854027928960943,0.6873160406436662,0.03382579889574205,0.3541479067436731,0.6179770648177147,0.2275409247833667,0.952671410501496,0.04458191726953729,0.4454356569198569,0.2115723350081752,0.984766497330965,0.8999507844316548,0.01139845989342822,0.1908246610337779,0.08773195250476032,0.1493069018805595,0.6762898652545557,0.9536882930355114,0.6598221884660378,0.3369557338956574,34.18285986475359,0.5758224285153934,0.119176732598491,0.4817111639777993,0.6811100570134841,0.8288509112151713,0.147160861081605,0.93189880551405
(64,),0.5708060214757883,0.4850949172233147,0.4602086114660378,0.4002407827559719,0.4751092113867157,0.4309651764535121,0.7749664277069258,0.6678221522108201,0.1258746358293968,0.2298291881119389,0.009591323307143356,0.2566481450014613,0.06170027591144786,0.9748543584756452,0.03254411357881859,0.3389340136525359,0.3238923879411276,0.4615368661334566,0.4150383220564263,0.8796920921410097,0.0826934205213318,0.5763211803280265,0.4132348105596189,0.0439112767862172,0.374951467575437,0.8947369590626615,0.1795296606537013,0.9022815579183313,0.146770401005432,0.6100457171347257,0.6704485531712608,0.7070349053375996,0.4233830185805467,0.6463094335504791,0.8223159899716261,0.2383440982696033,0.03956379396594231,0.1636795242719147,0.4405548770088132,0.5793489988168941,0.5587633065979287,0.03463220279851269,0.5229940237921902,0.6018622442087578,0.229205528340288,0.8129330142251086,0.4283392294094018,0.676475791661428,0.482093111967079,0.6324126994703024,0.2836219181634381,0.5843963621819032,0.693534526655281,0.510200544500201,0.7366782403404907,0.4250055786083423,0.7560887671481588,0.09624349581119943,0.683999999567019,0.07699935263722031,0.9646763511549685,0.5942412906997797,0.5712907537236448,32.98356531346781,0.6351406064917078,0.1642331300437518,0.6927238488241135,0.890546393646051,0.09463162661658,0.09300790077790527
(65,),0.173712899762088,0.5286299683330454,0.3332238488353871,0.1646974937488141,0.7686427331835731,0.8845402067725101,0.5627673594779508,0.642327533471142,0.8284029852668915,0.8231606548563241,0.8931558627208994,0.4586053426225022,0.04630763600626078,0.9588157388542347,0.0195770349122417,0.7386713347322436,0.7239297328212817,0.31943221066689,0.7773568466025261,0.6321069080878691,0.3403689032689771,0.7780453495649801,0.2661688778610795,0.6093937343902691,0.9562542067332102,0.4425516940278115,0.1897343123163459,0.9317243961010736,0.3315197935921165,0.8754549416224218,0.1658324707746219,0.09282152516865758,0.6598721869014347,0.3031287388917197,0.346319481817249,0.8306884245419227,0.2328254411712304,0.9260310649104974,0.1961421954819273,0.4647779382925848,0.9761569024789445,0.1665627077099348,0.7933736827063272,0.3716497081978052,0.9655814666548946,0.3784420663562897,0.2230274480566807,0.5486921292328605,0.856265523577662,0.3196384142037274,0.8221846847614457,0.4155799294219862,0.9136614714545552,0.6120303114217152,0.8114239370800529,0.4362031536745841,0.1074461910489,0.3295829594350759,0.3896091693546386,0.3971328810007383,0.2572706281929077,0.8564837957725899,0.8113415082083035,0.7347546026518043,36.68070681641927,0.1117973175931109,0.9609485544839312,0.06266787465804649,0.4291409068828353,0.3943368809821253
(66,),0.02174181569015461,0.706936369648731,0.834698550041894,0.9472055870961299,0.7751092932522108,0.5366098828262363,0.1714848253478552,0.2052815247521944,0.03321927639548435,0.2946646944848981,0.499480404517981,0.6819498664362675,0.6408694632953441,0.4826388895111657,0.2931532189198817,0.4049597903805811,0.4091680132558699,0.2755266533500059,0.6216888054709896,0.1858414260742829,0.05256326560555322,0.04739460792222966,0.2862010042578224,0.3966427140897492,0.9710489357142328,0.3319756246449076,0.7927964349509559,0.3172006607268466,0.5490177023356839,0.03390796652279434,0.3861932421512072,0.2230479951240386,0.9798655890722613,0.8667794942059301,0.8070883234668933,0.8942433805362398,0.3754025620754726,0.4692606490865519,0.1922722726125123,0.2849779320887306,0.6569179390731377,0.9004357824664202,0.8944039491386242,0.3025913997534764,0.9432713190743968,0.3306476838991816,0.7895198825677774,0.002002635135801153,0.3937348314730396,0.1686981991843607,0.3761339032018863,0.8271907817892957,0.3729463038711376,0.2469540387674066,0.9745663343596761,0.03713210083779217,0.5511876130140196,0.4205319786346375,0.3567220305126213,0.4463778704607532,0.9418647000034346,0.9801699382934966,0.8785678946070092,0.4080980172905869,0.1940881020588988,33.94865753469426,0.8348293652120533,0.175686161839324,0.8892512910734859,0.3640267791617448
(67,),0.7467470912325705,0.4315808939369998,0.8615789157920768,0.1238625300519792,0.4966752202761536,0.04365308369244126,0.7135399217461694,0.758634088774449,0.2489093816462179,0.1140611495855366,0.3031253372865489,0.4883265648290326,0.07692539109978333,0.1102604172236101,0.05583365425199501,0.1860093288716944,0.6121458621228607,0.6972562607743186,0.5124148514872442,0.597464702642263,0.6051391548613235,0.8240729255274978,0.7181185954513367,0.6984832380948611,0.6258320346822078,0.06748387256571362,0.3543530130417725,0.1105724097310362,0.2637452510566439,0.9928798118389855,0.1824922670487447,0.1462684485210232,0.5312559632455298,0.9103808359104986,0.3556949635891343,0.3306323806780184,0.7499104891760483,0.8328044917638998,0.3081027001624922,0.7793154293022222,0.7418140672190585,0.1039519458604758,0.4162876321539613,0.3617561179090108,0.7662724330261858,0.9170510118389881,0.3215667693708977,0.6061829665152747,0.6359224163523366,0.1863412983523142,0.4035691456408109,0.9423324698106897,0.9082646039936487,0.713719353480149,0.9871486682309507,0.3682496444200984,0.9700155449957036,0.1034304180859144,0.8629370647527406,0.4070941353623865,0.5683531362344512,0.2541036937072823,0.7146207805233978,0.1080800069783567,0.4300833883859295,0.7156990654829384,37.10065991080503,0.4883451622682611,0.1048713859949193,0.111673015215096
(68,),0.6291045706725442,0.0191232501006112,0.06655822514848342,0.25267027965013,0.6096961920489646,0.6686875187201075,0.5271527214952851,0.9711004140635433,0.313703688019151,0.9901441232288203,0.3782351571463953,0.5073341787932822,0.615849296340001,0.089351370582859,0.7207609569172576,0.3970247790756758,0.7131412391754879,0.794800796262048,0.3100375586060674,0.6881906215357495,0.9709167750280956,0.9781428655852638,0.6924004534206051,0.6618574379644369,0.4013372899051498,0.5963061054937381,0.525509255541459,0.08625622478726389,0.4272763759344793,0.1116068661184088,0.7604916221545021,0.1064866178775822,0.09126174892768125,0.2398277964914226,0.1042928975666025,0.7083903650137205,0.7218068866182774,0.271450681475831,0.8335808300641532,0.5568650492901599,0.2746998382835106,0.7745440008163188,0.5979251568030296,0.7839779262412785,0.2305767702872482,0.723800653789785,0.5313596151294682,0.4242613723012996,0.1606529970795071,0.9513977608660498,0.6626721633500794,0.987233046399289,0.2574750467552763,0.3015247791478652,0.5336701115617689,0.1473062362266811,0.1558073933667034,0.2247756982161068,0.01210697246860965,0.3871820248939037,0.4725675486656983,0.9568175543700923,0.3908522681693474,0.9790106361669839,0.9975585458036875,0.2959871389036063,0.4603201770775224,35.13154266995826,0.7626181016842145,0.2224570830351836
(69,),0.3451996609259965,0.7217372527321757,0.1200514179015751,0.469204878998124,0.4345732630302939,0.4825961567222865,0.5931255117990321,0.811586203598494,0.7862216660027557,0.6739767862196605,0.4019254058113687,0.9762929480995969,0.305792953337902,0.03501227885556703,0.8428599157326596,0.9837487822166636,0.5179613458905693,0.2232735868393835,0.5164395405556848,0.4313798283861613,0.3878058169383545,0.2320712878147208,0.3675013505564613,0.9632704652872833,0.9900724124743551,0.1664578948403821,0.9122241216876994,0.9806319530179123,0.691329821939678,0.378350412869306,0.588934846571583,0.623845951840393,0.7990411731888969,0.7853790671716071,0.2692707434465175,0.6491386651817942,0.8036423765080576,0.5602654878156058,0.5448784687075032,0.1890168622713432,0.2433212077212601,0.3443865287035813,0.7609829760089043,0.6976093037172412,0.9477440195099058,0.4037712563260584,0.3831420192350455,0.885257515192344,0.245495517761737,0.6838610090743789,0.101502429504207,0.6056980783031293,0.7538149178843893,0.5674829534278478,0.9524445785142216,0.8550473413490943,0.1443132585175684,0.4277972279865392,0.2525214067909056,0.4019139512702078,0.7550207724801749,0.4724053828516105,0.03543671302102063,0.5461310080985052,0.3861019330467522,0.4901043828450724,0.2288994441695932,0.3332104439325135,36.75217598970477,0.2806698486755442
(70,),0.6379546623276189,0.8355440674084204,0.6090277349285005,0.8232686093900092,0.5404434986352922,0.3309097145254096,0.9895675972451748,0.2577694795867457,0.5732829034689152,0.01463857969735146,0.7543307874596878,0.6345206961604885,0.6897319004459354,0.07017478276159721,0.5441655338024349,0.1130226221479334,0.4421471501884691,0.8806608866858482,0.1007591432004762,0.6312226337920944,0.6888724196006408,0.6198675372534157,0.6537821011770126,0.2150108470085585,0.7990570240931391,0.1948914334072734,0.08262267548641815,0.3625096907069446,0.4745488073849472,0.9803172876092555,0.6838888914709153,0.9319513379750684,0.057499174420598,0.4262942901120771,0.6231791089930814,0.6495011786287568,0.7421595031773291,0.1308075432588556,0.33056175856482,0.7554595540809684,0.574640585732975,0.5628157367041187,0.04696043047009869,0.2078421875012024,0.3466537019441249,0.2118585693243353,0.01593082660803076,0.5720137840544054,0.4759618171362477,0.4044239324289305,0.08001608424660263,0.579391859477832,0.5325118559310674,0.4004179162343493,0.06352077465972283,0.2880449855426032,0.9563242603043424,0.6704623021227701,0.3938840463067311,0.5162528402863686,0.3765691257823062,0.24137818369681,0.08379356786187026,0.2445464565504296,0.5051704341244031,0.4861137388733847,0.622696278841801,0.2826543809027802,0.9877263172729259,37.47821016174535
