index,1,2,3,4,5,6,7,8,9,10,11,12,13,14,15,16,17,18,19,20,21,22,23,24,25,26,27,28,29,30,31,32,33,34,35,36,37,38,39,40,41,42,43,44,45,46,47,48,49,50
(1,),3.642369125430452,-3.781145579633376,3.473729612179173,-2.637811832786785,2.70706125047641,-1.689355589527771,-0.4451848643993066,1.728871933831256,-3.866574204801421,-3.561135510562869,-0.1121741166646926,-2.556339305579234,1.30779805077283,-1.448284401135192,1.61968758534205,2.592460127031242,0.7531257439922383,1.23765767994774,3.897173828013766,-1.206819855209417,-1.406955997188442,-3.397071901524839,-1.623132261779236,1.123804290741288,3.52217599311402,1.978340623165107,1.799287623752012,3.959847129164113,-3.179750481105086,-3.048737605028049,-3.836996943468555,-0.4668952589865829,2.097653892907545,2.209749849353482,-0.9262857495257872,0.4821226795831546,-0.2945319436413274,-2.060595088993089,3.693372853437054,-3.272976454875692,0.3584106558519968,-3.152513094180595,-0.2854985230487945,-2.887939296134545,-0.2081505516567659,0.9205394559696272,1.704770128505862,-2.462036631036434,3.47207855809211,2.252678991405434
(2,),-3.620069367950915,-2.096465793858946,2.054334257641853,-2.138595115228762,-3.891640065645958,-3.335123568793592,-2.574784373301779,0.2460107522578667,-0.7941881360284553,2.868403895572206,-0.567994676953739,-2.863022158352873,-0.694577686556733,-0.0007649554760686961,-3.214958500161393,-2.720260427445718,-3.005421054266165,-0.2443683534687304,0.8608105730983846,-1.179700751312064,-2.53786889556501,3.968499113644181,-3.379489601638907,3.632579848579484,0.2586981183548858,-1.398483413504541,-0.4857357180248081,2.909187116545858,-3.890848953866119,2.673674698066207,2.843859354767359,2.126277102180651,2.193286670352733,-1.947993452292106,-1.197725877987812,-3.52611377112894,2.489064984956089,0.6799679829274963,2.809893797602135,2.089332783581331,-1.836178411136185,-0.7268443653435823,-0.8968627380125764,-3.105196302140287,-1.609037917525983,3.04232346442418,-2.88493835536296,1.296033813477911,2.802997748893258,2.731500817056534
(3,),-3.781290673702717,-1.879994121682478,3.003990553005851,-3.049267627757629,3.10347548934257,1.239799142541653,0.7444838869395278,2.95614184011619,3.086107262178735,-2.721225753189163,3.121124462961864,0.4409584275665388,3.180000409867774,-2.778298971245463,1.461106777389244,-0.7086477264400179,-3.434103589548378,1.459403715286547,-0.1695780595912253,-3.830925778240593,2.351772760779848,-3.052042598186488,0.0643217400815681,3.988333877552858,-3.987197139030914,-0.360189913402774,3.397437244733319,-1.359505819382395,2.492612667850583,3.094511807497853,0.1293128201174278,3.014812936043312,1.87774250360682,-0.7056900036024598,-3.716139363792908,-3.588192492328743,-1.184410617488315,-1.758101345974528,1.841010222298424,-1.862148285560233,3.348393507104686,-3.925598050883845,2.164590707183392,2.501553089547398,2.561799174883124,1.068378404129745,0.794806201943393,-3.016333333843661,0.6052581117971476,-2.467858665984612
(4,),2.272491450817069,-3.10627298862193,-1.847734112623065,1.23708689550273,2.152553321196636,-3.782317233208366,3.832449082014948,-0.8325642153314661,-1.738828447644656,-2.772944106486541,-2.410442624983245,2.21953455826455,1.479966367589397,1.425828812732465,-0.3661793679972223,-1.720093716771378,3.018036394795774,-2.657887687570994,-1.763686590865412,-0.8207653160408341,-2.367516250865374,-0.5751962842120428,2.094039343292042,0.01672285524920269,1.337448534533432,-0.5726593661323762,0.2436309164136325,0.07492120698204374,-1.700384562316655,1.362747952151539,-1.869111194344959,-3.118956558495164,-2.094723750423775,3.124416617396817,-2.585758851652178,-2.440339752884085,-0.08440390486393223,-1.775132894311696,-0.6495564808776666,2.57445196199047,0.2003163202126172,3.519886989556177,0.5303610067226359,-2.590308704009888,3.334874186539219,2.859679887820767,-3.661345116711148,0.2172526440928539,0.6712084543893218,-0.923635949267521
(5,),-1.26828508979337,-1.203096085742612,2.839879582697884,-3.061967374779925,-1.17585455701055,-2.00655019636014,-2.442232218453993,1.901852796098725,-3.190265096064837,-1.498113700730939,2.278143550903502,-2.996243237202673,-1.654916742465477,-1.917411791315567,-2.900355097344598,-1.749094342358531,3.974304823742197,-0.6486293815981772,1.712063429624594,-3.804038921319968,0.2537601622293089,-3.59870626977265,-0.4530302219491422,2.711304551309462,3.784218653884575,0.6463969315547882,-3.002181700412902,3.658560531718448,2.998043818994872,1.945376920705392,-2.542601142617658,0.4277034760420557,-1.246935457362568,3.176945132022437,1.409201695669022,2.721760098399717,3.879721676196797,0.3614722043577094,3.604187653186679,-1.767683850181228,-3.839346752441208,0.7729321306871144,-0.7483534538099144,0.1399608558553984,-2.109971335515874,1.482488076931624,1.653498614340159,-1.902474405986844,-2.164245194158843,-0.6031943292683977
(6,),0.6780947319625099,0.9768757347714931,3.577117661370698,0.1603481790123658,3.61488049372371,0.8958265254888937,0.5881319733298236,-3.134849109403463,2.846453811357211,1.15616108887025,0.9919510279307744,-0.1981931896863522,0.402399497886095,0.7790583763076642,3.911426722497906,0.3148947217580211,1.251071199380999,2.254861172007676,3.356898712718224,3.151991264667366,0.5604968499757934,-0.8071990933369375,-1.891681720634054,-3.448791533946768,-0.2623633154764335,-2.526241367997034,-3.9212936641046,-3.164139272588843,2.693476407619759,1.274413490736542,1.446489617479312,-2.159521204289409,3.588539281154268,-0.8509896889484367,2.59160827059952,1.008830367816357,1.706503886126462,3.233805833329968,-0.5159380705134411,2.015973136878869,-2.29229616906254,0.3592724964120659,-3.551025890523063,-3.526652331200545,-0.02367449200484062,-3.844455026493732,-2.207896405047259,1.168664891913843,1.278353904334583,-1.115367455551556
(7,),2.016696431219064,-2.482616781415575,0.4123066397572916,3.36461253957264,0.7951143488123043,-1.258282731271169,-2.764017161997732,-1.667921797442365,-0.1545570583195026,0.8768663192819135,0.7384090698976813,-2.046495408797407,-0.6939752225943341,1.59942322840934,-1.397439647068687,1.539334648602751,1.306729933161045,-3.129491521394385,-0.2313696456867254,2.612978788368883,-3.297611410129111,-3.542522410889087,3.54218797378012,-2.098497034260651,-1.586712549027681,-2.670775647107815,0.116530528587993,-2.364959343329141,2.823847273912407,1.28466555040644,-0.7214486646602811,1.737769357287548,2.851640235917845,2.789173587028399,-2.189826622961713,-1.191726377467531,2.910683424254887,-1.392251338752356,-2.87211183315442,-0.1255910051590683,-1.768803358036171,2.025321403432028,2.231804355730785,-0.3718630256761859,0.3410712741009858,-1.683539454926079,-0.7985067672742914,-3.553753708777778,-3.218875871428202,-0.516366044901019
(8,),0.7399713977519751,0.3412284861644279,-2.064405255364199,-3.331494012259295,2.287051974998583,3.680240012031363,-2.217839432877133,1.891391329287834,3.110657137726749,2.341816854016156,1.344318749546491,2.045203727178647,3.474221166542026,-1.263464323774986,2.974038299965993,-3.502862940095441,3.362938796451036,0.980767499702103,-0.9102646782456243,-2.129344556310802,-2.024211844390337,-1.11933613009518,1.847710863343316,0.5929222309738451,1.966551380034162,-0.5596475789871951,-0.9720069888924381,2.864334333930551,-1.696865196044748,-0.5308130365886088,-3.868114331261574,2.140505526929322,-1.257617090167458,-2.152584637401436,-2.671228180647017,-2.036210951336283,-1.546280041204143,-1.068752506968526,-2.937779202903291,-3.150898978191358,-3.388353686436373,-0.4094730616404529,0.8992866166619482,1.721417718448946,2.113203915899121,-0.7935108512717495,2.280391036035796,1.675703598812937,3.678765536763304,-2.153703909635883
(9,),-0.77694551374706,2.012632809634728,3.629251200380935,-2.171519933238264,-2.347234219171228,0.1527256622973709,-0.4245556039385137,1.548472856902237,-2.987196959814899,0.5211107633821248,-3.288072092794021,-2.70108976276129,3.851000306166585,-1.473773810870974,2.152483843325009,2.316196034727607,-3.377361280535405,-1.995141276607741,1.537396645689857,2.692625774130991,0.4656278548732686,0.4227300448484073,-0.4878067353806577,1.961012096783899,-0.7353214401801718,0.9016437352774131,0.1634041126768278,-1.808215485703394,0.3299344785144616,-3.715922383771159,1.279197323501467,2.434723742987623,-1.151444772407372,-2.091416527718436,3.979803185858214,-0.9799371298346573,2.108090731150177,-3.541014583544576,2.63404888419001,0.9913570674373311,-3.737918698993865,0.141405460070585,3.441929020704261,-2.68886530671462,1.027377124442253,0.9690049034306929,0.4806684597990403,3.092775848913505,3.033251500268345,-0.7297528821698576
(10,),0.04015712023668083,0.3830976817017859,-1.190411536318854,0.4013445760090049,-3.613067044221336,0.877649025922044,3.186251912764015,1.000439349170615,-1.762463832714825,1.834046081404599,3.35000090327324,2.025718687059212,-2.649758460985888,-1.376668305699866,1.126470794120511,0.758563199571693,-1.301122621339855,-1.829331666391471,-1.496270775417385,-0.445291173318231,1.522370824785625,2.68304370757494,0.4275029518303581,-3.302149921949332,1.962837916599118,3.552823727309023,-1.259966775072044,-2.528163103239888,-1.234349203946856,-0.2162439053324912,0.1221172061838685,-1.793057970345118,-3.340571797522217,1.029153843951665,2.255643981419593,2.983003399579963,-1.463426609097468,-2.994648527381581,-3.639165871214021,-0.6534599142751625,-2.825551224815089,-3.479818476136069,0.8828111557234983,-2.671515983104261,0.6193015052096795,1.902049427955618,-3.182487168425207,3.129828625729062,-0.1149832475642869,0.27669696434854
(11,),1.998397677950527,2.947093498031247,3.562180379470044,-0.3033061001306003,-1.89690855834901,-2.525965459664141,-0.05114363263215083,-2.054953989058143,3.403100188338568,1.278407372924575,-2.400819954257192,3.133123843137717,-1.679534840306868,-0.7457229659726994,-2.360057498108442,-2.946396925355602,-0.7319481413679032,-3.778322543847185,3.748610362256698,-0.2068821734874065,2.347930599272853,1.741733475835719,1.00206105312395,-2.113216799537495,-3.982182106485899,0.4004657460957484,-0.08729921626794424,-1.833273369899802,-0.5576396955955625,-2.020081210776774,0.3203264782017854,0.727287532449318,-0.02179303655264286,2.435707589680612,-2.348421923460178,2.192365775904913,-3.052775033262182,0.1308192945223237,1.104542866422689,-0.03825675048856336,-3.110498685972048,-2.819652344994321,2.9343188049521,-2.047615839517988,-3.051108621028853,-1.419312079571011,3.845342920918483,-1.59958619521724,-2.886403854803991,-1.420335960558288
(12,),-1.71829233219465,-1.608828631504294,-3.508007631859037,-2.074296560268342,0.3272283488405821,3.753422708217137,0.3761237037255913,-1.111718180156505,-1.033360910783921,-0.704183639654191,2.059213645020462,-1.222444517109216,2.931663465143896,-2.4619765546724,-1.170943503156594,0.607600373447994,-0.5732771008757509,-2.802370913134425,-3.488447757554993,-1.619964674482599,2.750690481622647,3.716711847614929,2.494425238931238,-1.122895653744632,-3.749950536773769,1.154285235468211,0.07813129573286304,2.352166088583697,-1.950418209553702,-3.641756561422826,0.5200000228234618,0.9271043725878174,-2.967695242024733,-1.98714647247811,-2.74608282126636,-3.640577627743007,1.140057172167123,-2.595732725436994,1.313636417790222,3.154242862357779,0.3705290865769078,-3.313826453757562,-0.3789368663966624,-2.163355643364126,3.719740656701685,0.9890932825247534,1.189328572741001,-2.11967301059186,3.623305369001439,3.471735629601663
(13,),-3.963154400964952,-0.1221375361664543,3.237073854993588,-1.692109160547162,-2.909201443764091,-0.8287063747148484,-3.462649805038944,-3.75551297889066,0.8654580104469094,-3.624209449894708,0.8526006583383214,-2.702472474468449,1.535675109269389,2.257097204849194,2.294464923043504,-1.355700973289387,3.773523252573753,-2.309499503692821,0.2481370696407303,-2.610856586802314,-0.154551656440717,-0.5018520480389079,2.743756243491025,0.1090677917907241,-2.848438201481778,1.805901836357297,0.3731202253457635,-0.585921427117281,-2.460242960226308,2.661162722714573,3.233053179350497,-1.41842633945567,-2.389125687489326,-2.688616025756287,0.3897128152408502,-0.07853729147584776,-2.433176127476649,-1.486350822877081,1.462004981629995,2.461563267495667,0.07657140677224472,0.5536654834444512,1.887813915064539,3.781105667338656,-3.756296109098569,-1.116519054177686,2.284325120835105,-0.3855119979889912,1.692242163360176,2.131464549984772
(14,),3.526599856546323,-0.2737060293754103,-3.039471046458917,-2.101321818301997,2.626793785734687,-0.2356654685589712,-0.2489201072129474,-1.911479890226456,3.378777229996039,3.86384819464937,-3.430278717674835,-0.8534745044622332,-0.7763375469034344,-0.07669374777124727,-0.6397910064356078,-1.419308473117573,2.344468781597372,-0.5016208899151917,0.1695773861805412,-3.017206291564436,-0.9098719689843362,1.711922632332199,-1.460135701381098,-2.395791424161409,3.821524865303187,2.535244675567993,-1.242107854427297,-3.637006387792683,-2.496821648824724,-2.137093162297631,0.3326379350859066,-0.417630354342605,-1.874735200966711,-2.316724206322939,-3.376449484276409,2.241548969606397,3.585732837701681,-1.127921519364123,-2.079250942440624,0.7431298418028645,-2.475520831299193,-0.9979638500853558,-1.519271122766516,0.3982978880190959,-2.726030529206561,-2.132941434408096,-2.953168735368273,3.332443965840702,-1.835404650991437,0.07911657232406455
(15,),-0.8931276132917385,1.244839706832227,1.524862239267092,-3.572361814409551,3.925512853468027,2.931266568898334,-0.7582261910220214,3.815147079536691,-1.090813645951744,-3.651198312249182,0.8318319868747741,-2.766948777416193,1.744660876703181,-0.6410987946429931,-1.970827567097826,-0.6906647673393729,-0.6956601296660785,-1.138883527331406,-1.604270750958816,3.107303907576461,1.681254190689439,2.127266462499016,-0.6427545138214601,-2.16702262874615,0.1894644613041381,1.303653465693384,1.669241496019516,-3.156750273315896,-3.822486527084035,1.240540486606163,3.768697807775975,-3.620816365815243,0.661772138264971,0.298282468959953,-2.036145304107316,-0.8844126831780614,3.743409863107043,-3.820490862112931,-0.7973108515436733,1.704099341518569,-0.07497598694368524,1.873034294950208,0.6329752341162838,2.32079949775836,-3.0658485064429,-3.926073558198409,3.69793461466719,-2.881491544539933,0.9371156461601133,3.317641965936488
(16,),0.5465874996262805,-3.857326619959518,-2.458225472240668,2.947020288435594,1.840666127877097,0.4067823469441665,-2.399280095790682,3.477405300543588,-0.7544391113051363,1.869115201272495,2.143457798658637,2.08163087089258,2.584095725673723,-2.753822695507864,-0.6372253520819378,2.995198180240007,3.97147940364172,-0.9192625542528909,-3.441649918149487,-3.100380861747002,2.713280590441715,0.689734538480983,2.550249886697141,2.253879976894951,2.543845776438001,1.164256864092579,-1.948099237917481,-1.803850461726665,-3.539379517853877,-2.656190816054444,1.006470128385736,1.189933489079807,1.748611147964366,-2.953532644646008,1.809048338832493,1.293706588832886,-0.6071177047874281,-2.0171340904517,1.671366346251205,1.4056561716947,0.5186632478137101,-0.6574142174377902,-2.696962914633867,-1.200272949010297,0.5105031478694633,-3.510553815737062,1.102370227012593,2.377370746088019,2.993259503521571,-2.342587781933467
(17,),-0.2867956576920316,-0.0003608503185619227,-3.8364276394807,1.960578102898519,-2.188033607540061,-1.279692715672307,-0.7942023564405072,-3.075613280179107,-3.553607493615286,0.2430283572843157,-3.80174692717933,1.588044179405879,-2.469365540592647,2.881086423584946,-3.567772858254308,2.426094130030785,0.2725880568990338,3.604758293619626,-0.8425929981145992,1.58955010275289,-0.01202285669846681,-1.412462957455465,3.629712803658202,-2.988627242245782,1.537428814421131,0.0124216360892202,2.224956409525218,0.7948886387431475,0.5765210472181064,-2.652486115399885,2.763363995317129,0.757081518414477,-2.610678355784272,-2.151030880842904,-0.03681057881635752,3.341077875746868,-0.944162285247319,-2.409560121188853,-2.900659975457624,0.4621794661972007,1.479445123272173,-3.059796106530057,2.586097646251979,-1.680559591109568,1.644741133381665,-1.830916128805803,1.642695383227349,1.024979947383131,0.5177968057811704,3.798624503276787
(18,),1.358193971246464,2.050173985423267,2.592207667032472,0.814446079270204,1.138611009918071,-3.478678838026044,0.03134637214305158,-0.9891739771998522,0.655767190798584,0.7261057167035458,-2.39999784036673,-3.690495368118798,0.747163909017555,-3.344698488771618,0.8267834421012363,-3.471460821204821,3.929844051844934,-2.914110008712474,2.509206060455536,1.202356962916022,1.208737568286721,3.09705000491085,-1.424865397903597,-0.06711965804384201,1.669291629942706,-3.477249226007702,-1.725649138618935,-3.023076012365635,-2.623211906578914,-1.009597118773669,3.561332248826395,-0.8649960416253344,-2.234298812081052,-3.735938063977867,-3.424505636769905,2.738182813055841,-2.903040653175835,0.6679878420408318,-1.005349787567559,3.593277749187757,-3.443234788727803,-0.9247449761437823,1.582627198474747,2.894834300165594,0.1739800030419731,2.484176759078841,3.809729127983135,1.554120957055526,1.500629694448333,-0.5245299710060269
(19,),-1.160857615617308,3.484271265059942,2.530062852741389,-2.416460119158842,2.317103837733467,1.764524269358492,1.659366945598546,-0.3678939228234772,-1.499792022856567,1.329405581655069,-1.15308306704573,-1.80138257730867,-2.467426785945143,-3.759253887123746,0.9181138675027247,-2.448553448304087,-1.478124660198346,0.3447124089267275,1.180242539296282,0.7176184499393621,-2.514739902652209,1.931593122397635,-1.129634641806944,2.522196110103276,1.395256683959321,-2.516985561228712,-3.756653663050828,-2.254899294782953,-0.1926749929444149,-1.725804370285617,-0.5972806529448658,2.906501944877611,-1.729600596828108,-1.24487808984156,-0.912189727667748,-0.6973651863717492,-2.641040831990728,-0.4837872679123296,2.026634935243175,2.067182529746292,2.285996618341457,-3.845757686305621,-0.010470605976169,3.9499291165557,-2.674272046043737,-2.129159359047904,-2.788350412115157,3.396418036311655,-1.698359703568574,0.1830286466665587
(20,),1.54487515048092,-1.429625015913826,1.829904826796689,0.9807143026360263,-2.524507216514228,0.3421620137477221,1.881412985413404,1.3804888252034,-0.8774949093964617,0.6645285426453267,0.4250325546204943,-1.505149694841673,-3.576361260679987,-0.8205975788599664,2.420527723597125,-3.945780957622816,-3.940604575722832,0.47945173033491,-2.481479090345418,3.597378951205239,2.40899830852961,-2.908796477352095,-0.07108311182788674,2.498961153019057,-3.054083800171107,-2.814137971333273,-0.4548443362803845,3.737361319536897,-1.880528707276223,-1.782348459546204,3.277776493892367,3.044714025087375,-0.5570779942841586,3.931263619227252,0.7720116514775608,1.83237337593196,0.4889421111880283,0.112405256187361,-1.79347506425644,1.52603802179802,-2.075079144055503,3.536851521626301,0.9291325489772406,-1.598410925081671,-2.801600288370921,-0.3517999900951629,-2.522885729489017,-1.170107257388071,-3.322229604275819,-0.7224750169355056
(21,),3.227512278351776,3.898619546021028,-1.839133403423206,-0.4595330324915095,-3.853182717737824,-3.178252258577113,-1.427381090999085,-0.05905694582946541,-0.1750736550057752,-0.3330033372082308,-1.495353512335517,-2.024644717171183,-2.544498033965106,0.09110146644363759,2.587996095451213,-3.970329116272977,-3.774155663456647,2.087562382862857,-1.492357102626846,2.26750117505433,-0.6712350082235643,-0.6331370537669732,3.3389803677896,2.967005299463244,-1.836529388636011,1.394824449930994,-2.256386574109146,0.3540427915892215,3.883977313381814,-0.7822087956476333,-1.270268433937317,2.992494285142925,-2.608427669541572,-2.197543404664261,-2.943574997512989,1.112820047375976,-1.227649890702329,-1.928612840245393,-3.702996926066059,-0.455950837796546,1.295537739504738,-1.998101437672704,-1.225072181289849,0.06709853877304539,2.950422351869111,-0.7865465291068996,-2.900756732181981,-0.2222444114847923,-1.018984671549589,3.595491666465088
(22,),1.079577004395799,0.1961562555161214,-2.792955248374454,-2.605185296014496,2.88575587140667,-0.9167708935444772,-2.736520899797912,-2.263578337385391,-1.596127359525743,2.424112640275898,0.5960096232092615,2.294715011612126,0.2581302134065648,1.315920781314157,0.8113553136367431,-1.280386148971016,-2.933884227323551,1.45964308462355,3.850582812045865,-1.986243831173705,0.170996860355956,2.961032363019846,-1.613091905006707,-2.845806517898433,2.277314452885222,-1.231213230924167,0.1108192981805169,-0.7649736418529542,2.425651366199551,1.63905442569318,3.959197768900601,1.827281210042122,2.842684802851216,-3.460972742464524,2.029390984610712,0.1688719489919155,-3.540251630820459,-3.600126436059067,-1.10290228285768,-2.568201921114673,2.086121933992025,1.162455156340584,0.1595755374499834,0.4412135427005976,-3.546710426492519,-0.7598018975161969,-1.899475898297663,-0.3818845725595992,2.962700118330898,0.3019215494938097
(23,),-3.122772747020684,1.139542110235501,-3.849174045618178,3.094401278775467,1.174623371020428,-2.212496789346946,-2.883295859445663,0.2573735043815448,-2.815456150914298,-3.766766630175598,3.924365836028668,0.2724426599562246,1.601859171265025,-1.237585712625207,-3.120940873742201,3.09850457764251,0.7511344380110936,3.648521650112436,-3.946995155408429,2.25879261337692,2.774133793536044,-3.27267649638957,0.968685659519716,3.987294552733171,3.573763449846782,-2.201799711949278,-0.9178025925369924,-0.6777190810208995,-1.930761861554779,1.081922167034731,3.455752541386105,0.1224420097678438,-2.609160675729791,-0.7834813400698475,-1.681532781790526,-3.0487053380567,-1.689691181564997,0.1682661537837999,1.758212674132578,0.5530508421971758,-3.428588676186529,0.9844527783647115,0.3719642597249342,1.916006418406009,3.15742796870278,-1.162151583099303,2.026916531190402,-0.7986145090567733,-1.105658985142365,-0.5249708741950361
(24,),-3.755940039896486,-3.210054152573288,1.059142661318782,2.631398188181785,-3.410813964953884,-3.780689936575535,-3.904328896957076,-3.522442010042578,-2.490447850132638,-1.908219414874984,-3.594387273976924,-2.688938449551276,-0.3784138125557446,-0.7446645791116326,3.21687144799072,-0.7057579566524534,0.2666931194221895,-0.3304112065364371,1.125371278164899,2.823229692783729,-2.314952550434223,1.340366993605219,-0.7001772462509299,1.156232877718852,2.60890663156187,3.853456261339042,-0.0996478687449951,-0.801190747361876,-0.9252880163626371,-0.3734298292480651,0.7300854116389921,1.999509041292899,2.200262525763842,2.111503554564633,0.1385932078160987,3.616102123036725,0.1240012997243909,-2.857850707448596,0.5101371368222498,-0.7029893219673107,-1.555690000158255,-0.2182425157543038,3.254183170825205,2.3328529082647,-3.719778339131892,0.9436263420079847,0.2946940146513022,-2.471893716025873,-1.833363460597973,3.620015106441504
(25,),1.350386186326212,0.2141229004572756,-0.1940891028861511,-3.357953004138458,0.6043558430440434,0.7957421974540644,1.679809988685791,3.84045059822424,3.561111178667945,-0.2924181295232131,-1.46666591911538,1.437643267378028,-2.186062127483335,-3.758979002420775,3.91933097951043,0.1458680364804206,-2.537273361090552,1.427534526141079,3.718080111562463,-1.17904045821823,-3.884008186911974,-1.651546587352693,-3.683806249515806,-0.5828234213378072,-1.085232356651419,3.489257430579479,-0.4735210032342034,1.194913960750569,-3.935383223427477,0.1128320186629406,-0.5284469134564018,3.401601336296543,-0.01203516114731995,1.524985268265526,-3.63085949328814,2.454644602517502,0.5825347632580318,0.2044412792289814,2.473821600113736,2.699693690260034,-0.5384954904730375,-2.394551911633327,-2.358856310709177,-0.1316216569564457,3.799912405973393,2.222966574495295,3.794497902711702,1.980827710373722,2.472192968316561,2.719412643273423
(26,),-1.749853784920567,-3.834086175052286,0.8436261855938714,-0.0008432105696640768,1.117678327908561,-1.789622111226393,-3.681344048277647,-1.274503208603332,2.507539474214471,1.376528922032497,0.4668504674767497,2.11186029673458,-2.056181561606178,0.1562956331368506,-2.56388119129878,0.375297246741737,0.07088638745509801,1.587785948035592,-3.966741027807845,3.427020191954162,1.036610880168906,-2.076138909294193,-3.701159996931874,-1.127880190106203,0.8077140010446096,-2.618480611741361,0.990550160759784,3.984569358119729,3.823775918359914,-2.738757495971412,-2.432218010463314,3.645488984455025,1.547487103779299,1.525617313618444,0.4357434694124214,-0.9778834520349666,2.63295281161509,-2.445751508419738,1.201002163830601,-0.7720509093200008,-0.5048620644914723,3.764614854755559,-3.124756591905109,1.087060010358607,1.277443569356468,-0.9987729132223304,0.9394318493914033,-0.007818007978726005,0.6722148957236547,2.083960764858499
(27,),-0.5555396777813959,-1.100074134215321,1.00300580547441,-3.973100397801192,-1.950591150150006,-3.091329371381359,-0.4879322423784531,-1.088454176085845,1.860317164708818,-3.128747632103428,3.091150275824735,2.190243486008218,2.015673524170865,-2.315763382746602,-3.977995676431519,2.063636843370974,-2.604977647381268,-0.9260535558581924,-0.4769909568124056,2.881849414185224,-2.669115565658804,3.601666486120426,3.489106961922682,3.709811838503233,1.300962302013231,-3.375316062137661,-1.019389852884749,-2.024120701369522,1.750661514476962,3.147048114358597,1.41375856855429,-1.491770291713241,1.389796387432196,1.787573568701132,1.599219451652011,-3.493129136258326,0.3028947024175519,1.346380425814215,2.800747716979751,2.911546050347027,-3.028702647537078,1.187862980580153,-3.218640814959431,2.349240881454397,-1.6046303452441,-2.224367393435884,1.043927782109332,1.030878327299288,-0.06224250962932842,-1.338496695889495
(28,),-3.966069939437312,-3.985132983234218,-0.5517726739623035,0.7818469565294013,-3.647473119339008,-2.774496303684529,1.076744190812039,-3.324928157301617,-1.382146504082988,1.36557511221228,-2.32505363759233,-1.49815904676671,0.4311463629904546,0.9025906461914026,3.74887491544357,-2.946079841087201,-0.0213547532396583,1.496791274192624,-2.075580262901198,1.515226352512932,-1.213699925699724,3.17603049859503,-2.915337443817333,0.9510596836921756,1.8864567021531,2.36558965180368,3.87525714785506,-1.13576824970436,0.4515876892250086,-2.489765196604583,3.137615600977114,0.7791933617555564,2.49481149115564,1.2482006776869,2.697897699575684,0.07981081301435289,3.254498807764348,2.643955102882873,-3.095020491950288,2.712818072954839,0.5388697770190687,-0.1309240801819502,1.580093371968096,-2.906478017667729,-0.2175126295264391,-1.46422201311141,-3.488108707512988,0.8631843652435958,-1.162622844534112,-1.886542804282855
(29,),-1.613863755102484,-0.9072736394979772,-3.183524239368043,-1.222534506585836,-2.601922395732974,-2.523216038389397,-2.073495337745358,-1.752571356109955,0.7549011455320356,3.191055631857862,2.835431825789173,0.5242424050786845,1.818318355270727,-1.239947126354218,0.04853140162217073,-1.78126669705431,1.054808934945863,0.6102774332342893,1.285454308015601,-0.2466111768415882,-2.226017546808839,-0.3611506864126635,3.736740988063892,1.560284307021055,3.817870517522718,1.543197076009974,-0.3455797391484241,0.5873163942067263,1.083928866018701,-1.574181721099128,3.366075023870066,1.469946296492208,3.716865493341691,2.956486473065027,0.9832208847117867,0.6667308004246548,3.974571560946697,-1.097405333259565,-0.7218474185447472,-3.23428017141349,2.341939886023237,0.7551772186634356,-1.034414126101542,-2.397230090200497,-0.4652322742481876,-0.3378003233016527,1.872199040447666,-2.505102908186433,-1.534753573206399,1.306212310405362
(30,),1.684234183247671,1.941562797831843,-3.87365087798664,2.734844579976307,-3.242634413621101,-2.137624398958993,-0.5172965435325678,0.09235551091857008,-2.010781077967274,-0.4729089906115882,-0.3252584539201275,-1.619012242776337,-2.937376412124331,3.198043194304432,2.075530208665002,0.7121184905413331,3.574482911982328,-2.101850636877933,-2.822739204076576,2.918038975879316,1.441895693143374,-0.9650164164349277,3.134434933674874,0.7940512667878199,1.795556837738275,1.47372481521815,1.481714044791582,2.726582804680985,0.08544505779955269,2.106596168458781,2.08403416303927,3.90885179756305,0.9541422593866278,0.5603401079044712,-3.685295232471919,1.466761924622939,0.4724215383548067,-1.030624778248022,1.916220361376062,-0.125148972428029,-1.593620263654136,-0.2556412478272039,-2.412076531609736,-3.908240529819476,-2.995283437468589,-2.039992825121889,-3.475157504148283,2.791434553560274,1.285166408623662,-2.404061605887023
(31,),-0.06960382207497817,3.75785526696104,3.778392224049004,0.5913869699367131,-2.96097591105032,0.7278650410122101,2.283263610376007,2.32673924892365,-3.629054985048447,0.264294990278926,-3.534712963979208,0.9572159339831421,0.2095170009528236,-2.889880418631478,-0.8488572446443117,2.234145492192313,3.959071849347117,3.261290397599517,-0.712064253487179,3.537691981632835,-3.020618073880448,-1.151648454795739,0.4293563722706208,-1.477888203992499,3.219365578616832,3.946965647952767,-2.360299998666754,-0.9157082063257667,0.2639951825368696,1.804955300509036,0.4221487724947659,3.354955875685966,-2.804902732828282,0.03888771562648685,-2.300062569026431,-1.484247707436366,1.5492636147524,-3.125913019885812,-0.8227884788920536,3.081320004720464,-3.302995093650896,-2.048794852246762,0.6158895961745632,0.2080764644277346,0.8805546390937415,-0.5205557160815291,-3.372537334982194,3.335887305111263,1.321590472207895,-2.45841251716063
(32,),-0.4761292644103516,3.984693557649014,-3.880809722267001,2.996774631048564,2.253288671478424,-0.1295451179379405,2.564749221282595,-3.85282758574893,-1.67832770673615,-0.08407414537145641,-3.074886700315398,-2.65282868628893,2.966595951257073,0.04746365249534268,1.129246989956683,2.190894474256176,-1.576487670133527,-0.141657305175559,2.09896214494605,2.689433113868362,0.5573240135345747,-3.064181319138516,1.85319320742069,-3.889109503454614,-0.6034390280424513,2.557774234303992,-1.529942381297544,-3.989047840723428,3.495927626154463,-0.3009614725265286,-1.855840791740149,2.862179359032019,-2.980404314263282,3.858258912346884,-3.614046661346096,-2.874413466372937,2.807409910496979,2.011066055399395,1.43863343455695,-2.890908555099693,-2.582027965489371,2.671938293526186,-0.7110153128313819,2.59469712623457,-3.872839146607326,3.209476346804836,-2.544743262647907,1.71404690828912,2.684636148551991,-2.73383269557962
(33,),-3.124702579318865,-3.094326603217507,2.934636326703122,-0.2797766715477059,-2.621061814104429,1.610171950432198,1.402173669279944,-0.5493840616920633,0.06233871121498247,3.794450942919475,0.6869328981789389,3.339005584705665,-1.11839647046696,-1.611771733489186,-3.822319792740189,-1.7590499823521,-0.4569645790398753,3.657879444505618,0.7635358448925373,3.276360888575669,2.036010604455904,2.70856897086606,-2.935269895789089,2.863799958883293,-2.143339996738291,3.150467571816309,-2.366778857307385,0.07759978694110625,1.931654404254554,-1.153981857624564,-1.257450461817814,0.9908108776447566,0.5366427165600198,0.8191208846942777,-1.664339663448196,-3.350824898063295,-0.2427604263224072,2.030552592115536,1.293848146547598,-1.788275434770821,-1.920920539770502,3.303089697530804,-2.688183846528004,0.976438134340901,-1.043147552016624,-0.4761035073981246,-3.865630696781392,1.031387203264535,1.553721940197985,-3.237839919270217
(34,),2.671590388376517,-1.346979722788141,3.869331075717357,0.3941114511627699,0.4089573156669601,-3.689869608660573,2.241028777630575,1.327888268611503,-2.607561796326917,-2.415626856895847,-2.714670219872593,0.5655568642178279,-2.597176152416156,-3.712169873064081,-2.155492389696997,0.2300384575574581,3.970668139096418,2.663572656055267,-0.5933030121110376,0.5121990180740452,2.326610877101972,0.5050004209174235,2.5563207680807,-3.766255374457552,-2.655647638267097,-2.970924010879397,2.691834825607469,-2.555460566620707,1.985448069965661,1.713283459158402,2.733240421234351,-3.86882497036505,0.5247380087127116,-3.491244642795369,2.855365605291418,-2.20827099253129,-0.03190443946036892,2.215499140661851,-2.517250525685117,1.448866543508732,-0.05964359754520876,2.533628204400653,1.702164752591792,-0.5339752754853548,-1.975337409822526,-3.322623129874446,-3.591578954509627,-0.8985708273786717,-0.1581758676942369,0.3200736185369593
(35,),-3.421898649542011,1.208898188008641,0.09613035140579207,1.048570851000145,0.1137773002854674,-1.122796385401653,-3.204746982407247,-3.045790021270658,3.398928693351063,-0.5515741802007152,-2.782828956741222,-3.681628014116996,0.04382626105700815,2.027550129144378,-2.495616946198713,0.5142939449252388,0.609807945791994,-3.703466439940156,0.8860563354598661,2.992237042771801,3.964645909353263,2.565258240904032,-2.388727986202433,-2.194796844222015,-3.676693465485301,1.735137423296791,-3.890209412278482,3.480770797873098,1.502217896650308,-0.3120519814402689,1.20439336342874,0.6006049124775839,0.2162692936555199,-0.1361323974685962,-1.66574846659476,3.465410393126397,3.616925351937749,-2.463439364956448,-1.614775249799365,3.383588501761654,2.374692090021718,-0.1461584148354049,-1.243870538334221,-3.299019900663963,-3.23585775660833,1.782814438504796,-2.562688508063402,3.496885036547786,-1.072356453211047,-2.629721269582222
(36,),0.3884790517394414,-2.387684922064174,0.4146328815477149,1.530452376707002,2.399909346191683,-2.526693668692954,0.2754094944382457,-1.698636527338147,-3.986974065109123,3.7953279750826,2.343568958340883,0.8329898603932264,2.154633876572009,3.634853587991367,-2.082798585953142,3.50782144056065,0.9492856458400301,0.3486709120625315,-2.151359400225898,0.4561746408870766,1.172163131936292,0.8976164789856949,3.978957460573688,0.3003495780998318,-0.897817446969214,-3.443284672385541,2.540534891909665,3.474079580105067,-1.99472313427164,-0.9464538031914258,-3.365413513356839,2.14635935331309,-1.942964313398585,3.20705899046334,3.318799420505031,-2.015382549477398,0.6656254069325405,-3.156764629989167,-2.690143904233957,3.944455914083382,-1.498560482297741,3.01730276574761,1.147125802209626,-0.1030655998308121,-0.06235857710077353,-3.803892196521336,2.635051024914455,2.041229901840318,3.467186728940768,-1.697357159074236
(37,),2.025056730878691,2.304312954281061,-3.608514163180372,-0.1573526474287901,1.681939755866401,0.1729013249077251,-1.538647304228586,0.370156235640696,-1.951192068082601,-0.2181912771819174,0.8685883375228354,-3.389256750190631,-3.834259296875413,3.040278609204641,0.7278007266629807,-2.902442545961076,2.391482554693837,-2.326757939953819,-1.235704810333299,3.62025543080185,-2.258957296106842,2.228201815078058,-0.7757917454516639,-1.820394953131256,-1.546397730616233,-3.126835619272025,3.272247477737395,1.563838446040965,3.633670300132435,-1.693983156054915,3.530671483361461,-2.934913605796287,-2.838212888914102,-0.6644288479489044,-0.3601259989346164,3.224506484843848,-1.204416393624562,2.354877319175552,3.519082712021996,-2.943666535912679,-3.390509509555839,-3.854690953894197,-0.2310873828063467,-2.438914914233541,1.589423214477239,2.735609975076135,1.619949479078056,-3.256113822669147,-0.6490705381179316,0.9553215821545002
(38,),0.5663369546870944,-1.702187895677686,-3.383813993348671,-3.92291810272475,-1.314759018667991,-2.187031252961107,1.333551296023511,-2.048113699097478,-2.848089270443495,1.960451323415689,2.793947073715271,2.064972862350189,3.537420390279014,3.209681819241526,-3.78811922362425,2.583887690272426,0.4164608859630921,2.537595315546927,-2.698929844644617,-2.083220212624763,-3.046593404585057,0.9961143072127401,-1.875587909783964,-3.06928830789858,1.2525096923491,2.92863938601943,-2.00647856061587,2.098843158516043,-1.857857321470082,-3.946736752696626,3.418775698908991,0.8245717714652399,2.510074175218689,1.634356772490001,0.1377155577543476,1.398457214412493,-1.561858587241497,-0.627254841894906,0.7493944132356489,-2.896689246766281,-2.713181650723225,2.027888196605971,-1.514114432128709,2.607353752972626,1.004144400509611,-2.186109970853048,2.093708218454109,-3.394811891850965,2.801307633453144,-0.6137449052129087
(39,),-3.743612934859902,-3.668348714651362,2.61013451838318,3.096974497973154,-1.799395554329671,-0.749641712162926,2.68086960462607,-3.487729845368952,-1.936040322711922,0.7963452838401377,-1.29095817898545,-3.146463017285154,0.8002555240051148,-3.839584578942307,2.900610516663876,3.597408680759178,0.9114446435496193,-0.1787347277530826,-0.1202881997083218,-1.431582735719907,-0.5080771259977048,-2.631623852673702,1.04117691812928,-0.455282203739467,1.94431269691585,-1.8378984752502,-1.333758745228003,-0.7571195985668941,-1.864150162787626,1.393213158237827,-3.206367731351716,0.9529787234407685,3.612137864231085,-2.290679823309467,-1.746334362110882,-3.648784185237491,-3.824961503404793,3.901357610306031,-3.869600687433242,-2.4304463111827,-0.08936188742168838,2.643264066457506,3.6879935883612,0.141021329005774,2.507100801570957,-1.310903108781569,3.485171848382868,1.546897086453491,-0.828206626240048,-1.084200046062739
(40,),3.582261268713974,1.071255718830056,2.978854427757212,-3.382655948807791,3.294275656694562,1.914563236226523,3.725668395280802,-3.605163883881706,3.664485202195182,3.682846750170621,0.7769244139350926,-2.094108036588897,2.112938419118263,-2.681506331308423,1.927386276710897,0.5329669978127383,-0.6241457390921958,-1.70165527483247,-2.315630884563499,-0.7659762904008858,0.7921116764021372,-0.3350093853840193,1.102524778255098,-1.98421811992364,2.724169130249107,-2.410234760963106,-0.05695662880721208,-3.893876989443143,2.040018909418377,1.460359554405729,-1.772876865593183,-2.369872277378985,2.168427433781145,-1.945280919313942,-3.366476044988418,-1.207406031204798,1.153807941169246,3.210483183888846,0.1183459502174999,-3.583794783192151,3.104417339942397,3.499399382878492,-2.211366001882673,1.25050694933387,-1.874783516964047,-3.716900767461446,2.715306855373052,-1.336414057333781,1.038160920457334,-1.694389402613242
(41,),3.694437656711601,2.604551369891912,2.584529250241417,-3.745621928452834,-0.8780658287530971,2.922608960134664,1.136755754095306,3.715163928850417,-3.057321356195811,-1.850341870952382,-0.5679152471023037,-3.11239007726317,-1.443497906151149,2.026766404364935,0.5518817741764828,-3.524296484643159,3.333816596819411,-2.623894153920482,-3.851139777465988,-2.783893022161544,1.456170235349281,3.068153453299276,0.4356798478625894,-1.568439946771113,-3.881072459898151,3.296734143882037,-3.862815151523304,1.045260838937681,2.247638339883038,-2.788870513675112,3.935938368795042,-0.5919649662631743,-1.191559990529477,0.1374370829612248,1.764453988680255,1.615460827397789,1.929747052640939,1.25786230570776,-2.993832772281994,-2.69255949040701,-0.5975076793464442,-0.4629337466132828,-3.514368655883719,2.643328355837593,-2.249557953383825,-1.921562799880115,1.434736240406223,-0.7682467011553347,-3.909153273749459,-0.8761132951430359
(42,),2.626977271915954,3.825899681269909,-0.1474559357095773,3.553979356409172,-1.104124036183846,3.306229712635031,2.124671279903713,2.516582320250156,2.166929895126472,-1.739142686623063,2.59533508683927,-3.320582289445283,2.418875104450867,1.585301550034897,-1.644923807395754,-2.473765162895717,-1.46231001033446,2.652297394960043,2.689398080812046,2.725401678101896,-1.80754189199468,-1.655830193504919,-0.4500348903913278,2.108085704057644,-3.204358944617252,2.210633552743611,0.3363953603678995,0.3838952391979529,0.08843970633788167,-3.525798282950586,3.850275513645086,1.941584491134425,3.244637191685354,2.745765770411498,2.827316214737079,-0.8565736639635917,-3.102824222962068,-0.9968127666615731,2.495332758414325,-0.06223187624586268,0.5172099897873963,3.983440577031637,-1.874442319064895,1.171625421070937,-2.456088674508051,-2.358066399071256,-1.915184271402717,0.01821273757815156,3.828240308382481,2.609648610848022
(43,),-0.1495322812627569,1.803066526561082,-0.04338679290161762,3.142095034689449,-1.3241110345936,-1.220147871319569,0.6823634235366978,-2.414035368703629,0.9036984891793125,1.826933379830715,-1.340650522648675,0.9656540339303437,-3.382034492504035,1.558823867593185,-3.775455784084737,0.1373167887011872,2.592479664455241,-3.282395973627408,-2.667246885646889,-1.930337229066579,-0.4782263990426912,-1.48476286282731,1.491494570669624,2.972082750598713,-1.593161465912873,2.233700148122147,2.570000976380274,-2.942973012105721,0.2483722715057137,-1.303024929288172,1.806098652351295,0.571470838088942,3.43833983726315,-1.550991234899651,-1.065226041854179,0.7081136109120774,3.230264158565944,1.547110950444146,3.646502939507895,1.852218568772316,2.760106878406893,1.337612151125309,-0.9110173663893399,-0.7148631233233766,2.791170032320609,-1.89328957400446,-0.7783871471350068,0.8911983445744349,1.573318917606138,-3.605101938433884
(44,),-3.543297544413259,-0.8155731351978388,1.654601554239377,-2.442573649925974,3.363233311944067,-3.783754616273878,-2.55454802242425,0.6792268715805143,-1.062836240362996,2.436971878058854,-3.549331573789169,-1.531694102727665,-1.420628429541082,-3.877091300769782,1.914325052614309,-3.722459167995784,3.160702423542607,-1.09811960304432,-1.806063549929048,-2.107535894504475,1.300215164507708,2.514994269945045,1.531914575369183,3.089348266345328,0.2511042320242938,3.878479453019462,-0.9861231630296245,-0.1376907525834921,0.2869532257523453,-1.463273656889992,3.713555777079763,-2.100738407606492,-3.81611367736182,1.178459801526973,0.417885236326244,1.26791127470717,0.2021944707689762,2.090744028668156,-0.06684105214584202,-1.412007841502261,-2.76888088865746,3.574589357913606,-1.423611637204537,1.349413942354871,-1.776647876510531,3.699707075396501,-0.383239332655438,-3.457468262608253,0.04049539813788616,-0.807109786121992
(45,),-2.373236737648271,-2.157389728116822,2.120455330690086,-1.608811448216667,-0.516008360968645,-1.813564886662343,3.899075717747063,-3.650505718284057,-3.973365136373156,3.362637383923115,1.89110808112225,0.7306086359761785,1.13444109750794,-2.431639808476529,-0.9956403346128488,-2.353264124162507,1.307573705015187,0.8149205111796549,3.961317359497577,2.775608753768736,3.570673535357789,-0.2016601974072945,1.119389053227053,-0.7345659788168697,-2.125006584182968,1.584154925777566,0.729075185601892,0.5652075882825951,-1.824352155677467,3.094909811712444,0.2572444206629187,-0.9905140441292626,-1.862249118336365,1.126945283569134,-1.058126910756772,-0.7858652315538857,-2.596874465184237,2.43495273141328,-2.131844197275298,3.187110325464417,-0.4350688827520668,-1.448437793981062,-0.8536819397649267,1.803907789770972,3.744272975604275,2.191703882842015,-2.776165636403169,3.202445435359183,2.728101655160501,0.4381782115086201
(46,),-2.49391940792279,3.409760218422802,1.355143642837017,3.91103747460679,-3.822948882159248,-3.2474942194914,-1.562244182510519,0.7313484508524377,2.832941692839417,-1.055020869903034,1.142600876342682,-0.6730785855270702,-3.92632958265603,-3.811114782355113,-1.80057473879465,3.874266317832156,-1.880358766667527,0.4210901463062271,2.046753300573254,0.0887247246505618,1.427334868677071,3.400088123607854,-0.178663503975331,-2.122504029703962,-0.6327347460817716,-3.380622061156969,3.374128853075974,0.7540490220813636,-1.518125182705542,2.583458097847115,-0.1368934874662773,-2.990793084615281,-1.542236314939844,3.224587261610433,-0.3781285040458888,0.7594405869931968,-1.851625778748571,-1.141430375078958,-1.949355641234787,3.464725669581224,-0.0771213005827156,2.257981989145708,-1.582588546973156,-1.663633398652325,-3.222616677156053,2.024582665377363,1.542551832353966,1.180350338976249,2.466457007557159,2.736303195290556
(47,),-0.1536411147555001,0.3473441602360907,-0.5829152744879234,0.6270792804691441,1.709452755809302,1.914057161309823,-1.362995792112447,-2.738883860701526,-3.029523187817106,0.07452470593654681,-1.637973669038284,3.21225442090611,0.5539692663282088,2.589841681520672,-1.743579602840933,3.162412438911894,3.506515641914973,-2.357991697002241,0.7375707076835303,1.641766871806863,0.9308007893775425,-0.5674569246877201,2.716412374110007,-1.288506053093589,2.320774358838916,-1.168134179124899,1.158250705535442,2.917989856454797,2.696582364092003,-3.836654046821426,-2.442914207665676,-0.1785829074248175,-0.4571065746388925,2.726972202521478,-0.5479635225111839,-3.704845767414285,-3.544026337113418,3.638636824186809,-3.200302708575798,-2.878850354112422,2.200301635441885,2.773518621199646,1.726998818600759,0.1150335068700326,3.967491527356048,-1.762856308391304,1.338000241554663,-1.189883533803851,-1.150309578968266,3.29859536985709
(48,),3.713953674361304,-1.843163792293986,-1.900718652750975,-0.6474273866324634,2.849991664463721,-2.410911998090221,-0.2998780970962951,3.898570460623393,1.104214620849887,-0.1242119885455906,-0.5226810465493683,0.006892719341404785,0.790500358258333,-3.183906339099282,2.46357050703996,1.571604880599851,3.631964585862709,-2.514205651177654,0.691026881212669,-1.045947715367406,-2.487167965687491,0.4260026092656677,-1.374245632433969,3.236111089586885,0.2351325790152243,-2.410141966700695,-1.845922633210673,-3.14654339293426,2.106388425573573,-2.836481360717983,1.16840870093229,1.874429796411093,-0.08135942721536127,1.672371416052367,-0.09625913089321969,-0.2677307800750146,2.835653731474125,2.842353505812342,-2.98386184703853,2.571043376192034,3.755137230332874,-0.4095258723494908,-0.5504858430843869,2.426464143969954,-0.9236035310924655,1.925778539605385,3.505108246709399,-2.642428268348234,-0.7541622696804375,3.246042537000221
(49,),-1.794380529337903,-2.504041930911113,0.6745663174995844,-3.246291388560169,-3.038992262507647,-1.140324627649341,-3.3267706883788,2.224817115980292,0.1319965906565397,-0.2362754560105542,2.709378077755795,-3.356408139240951,0.3022854429195805,-2.080511661999314,-1.918762042569674,0.5026926915344632,2.372313984884762,1.859052599839706,1.438568211114021,-1.928947729355163,-1.495523774927113,-2.259208271855623,0.08689672291664507,-3.773676180996268,1.24377209347619,3.820631790288783,-2.053165263685331,2.063272785666406,3.096623165565942,-0.9923479105360258,2.820869521505552,-0.7395301511739341,2.51759060626004,-0.2942954507223208,-0.4038144609468377,-0.1034759050498915,-0.3068365554010222,3.969996115481569,-0.4930390164919642,2.272115675303506,0.2451239227405022,-0.5757505859054479,0.7528968802797475,-0.04122943527881251,1.129401956483696,1.345196662584182,-1.558308682080598,3.963523993280448,0.2758737979738868,2.338927107786458
(50,),-1.115720016383175,1.305650238297804,-3.633058028385538,-1.475268403693105,-1.253718573146765,-3.904603607628125,-0.01123480690529055,2.902786802223244,2.01247023505054,0.8915040746095411,1.56835654715032,1.214284260732882,-3.062840888103899,-0.8485002437294136,2.300350789270172,-3.070075474883713,0.7319357975714817,-3.07460828807397,-3.062889536207221,-1.790773085932327,-2.155186025470711,-1.881217579657615,3.049305998255884,-2.935220781039691,3.449948795937358,0.2094362857177838,1.056292952179607,-2.648344267408019,0.2666028788586052,-2.209590403294347,3.519947602783237,-2.06143046353868,-0.3646010910697588,-0.4279081430709311,-0.4021215824309992,1.195937881189411,-3.095387924045906,0.6175612626839087,-3.847857098404967,-0.6712312888293019,-3.374945979973272,0.4999228655309613,3.226947600141783,3.575035258090287,3.062765537782539,1.154258961973093,-1.782543554123698,3.990374878246435,-0.2718816236656916,-3.853901552916564
