index,1,2,3,4,5,6,7,8,9,10,11,12,13,14,15,16,17,18,19,20,21,22,23,24,25,26,27,28,29,30,31,32,33,34,35,36,37,38,39,40,41,42,43,44,45,46,47,48,49,50,51,52,53,54,55,56,57,58,59,60,61
(1,),-6167.202352968927,7712.12167963625,-1926.267030877588,465.257778557504,-117.336365181518,-10.13720017504102,10.44375817487988,-23.98232217690191,12.80718990287014,-17.03168412661716,9.281999750296151,-12.62668265246441,6.737334039557793,-10.00603793926526,5.085683872278452,-8.241819553875779,4.008789431383061,-6.926723001623281,3.295681426409834,-5.883773625044122,2.816429429358209,-5.025196560195011,2.491804663101058,-4.299683025134978,2.273505455653761,-3.672497889249781,2.131592929476803,-3.118220796204756,2.047402527550821,-2.617365724492102,2.009109332117532,-2.154662924035354,2.009222453818936,-1.717693665036326,2.04313227116318,-1.296016159447172,2.108414836281582,-0.8801168690493952,2.204410955425506,-0.4607526090188729,2.332528926171392,-0.02793110224778594,2.496241352220411,0.4306794957850984,2.702049283483554,0.9316925476653952,2.961113540506095,1.499725790665358,3.292632075755962,2.174660721225602,3.730044384883609,3.026236315725323,4.335437371466878,4.181649149309808,5.226170918647251,5.848178403473453,6.581514632621259,8.038615748669098,8.198028502005315,8.467843041336241,3.282185849152281
(2,),1894.257908670191,-5230.295050036612,2485.173666396199,260.9626619688402,214.4418980566424,104.719067157148,54.80155102283344,42.2114191329651,24.35864054220448,19.1218296594503,13.33508990140627,9.51645456760174,8.130595376845145,4.973563844605737,5.337917907388358,2.62412145319796,3.717321286186561,1.343028492307557,2.726445098164688,0.6290966029147977,2.099618639272789,0.2363310846714058,1.69588454010521,0.03527485500542138,1.435717771967886,-0.04596577041829386,1.272308751641849,-0.04880430220773535,1.176867390415246,0.002233540890468344,1.131388081915571,0.09244926085537351,1.124300353148398,0.2131459725036351,1.148363439098898,0.3595492820505986,1.199221572490924,0.5296178099254056,1.274785732985502,0.7236971693862155,1.374783664110425,0.9444515616932831,1.500955532639966,1.197274358834002,1.657528581616604,1.49151645713973,1.852197561290096,1.842995548445033,2.098437963468354,2.2790749281767,2.420297788391623,2.849306630247182,2.862627556657132,3.646993467969756,3.512202525918571,4.832660748422452,4.510812868144132,6.454036046330778,5.645945246482558,7.078533740012805,2.204145368464703
(3,),-783.8811509806817,4835.737740172616,-8560.088254778084,4497.567355284219,-792.640164177455,465.0481790037395,4.610245278715118,89.77423198275234,32.548528612632,35.67162046422329,20.88355123718533,19.31970157878538,13.31310422282376,11.72350910076377,9.013767243720167,7.565787468363588,6.438329367917676,5.103000210714846,4.806101391236377,3.569292284899394,3.724861985697272,2.580557932230404,2.984114860262884,1.928400310709509,2.463926725288696,1.49315321373024,2.092414036900995,1.203108955412924,1.824822514060446,1.013717353018607,1.632267030373432,0.8965689410004647,1.495795953294162,0.8331741381869523,1.402639618087049,0.8114783021606213,1.344239339292322,0.8238220391905631,1.314972156817911,0.8657273081955941,1.311522915401035,0.9352789405709062,1.332634001277984,1.033081766050334,1.378936259277297,1.162833587383104,1.453613125233003,1.332496134562395,1.563571741024019,1.55716176090247,1.722237821465374,1.865158489952496,1.955141049964053,2.309295682158683,2.311121814260908,2.97281995898078,2.8604099105764,3.821114890603548,3.395741640422157,3.776688790628708,1.134912201996008
(4,),35.74542398165781,268.9589669412163,2281.300755800128,-5595.538961428078,2249.534846155297,161.4580009236349,186.3342782045939,93.49451719636666,53.43628297398998,48.16663538909172,27.34436390502136,27.48018208336724,16.81514815518462,17.24703175347508,11.29711064267419,11.57919490832888,8.049874009391342,8.165589430439569,5.996098716037958,5.983593052664656,4.628325101427134,4.526789173816169,3.681244453645148,3.521836235651548,3.005515273428766,2.811418834902281,2.512065639526358,2.300218761179538,2.1455309104922,1.92819492149334,1.869996040753032,1.656294372088405,1.661689361853056,1.458479640348275,1.504342888902163,1.317111411541803,1.386838135771972,1.220196536120948,1.301499593954688,1.159646697199926,1.2432499443938,1.130467423201424,1.208950769265718,1.130269496549484,1.197315882396319,1.159256230346222,1.209135768855764,1.220890422314962,1.247855889372043,1.323673530361082,1.321263517941412,1.484816391866483,1.445083045494464,1.73673660071143,1.649251598129362,2.126871073547415,1.971785758524639,2.596914982720403,2.215908539249444,2.329208221411924,0.6049234751519608
(5,),-75.06910648546653,520.4281362475892,-792.3187972530844,4456.6157662722,-8533.110418160737,4436.75633295364,-806.5981680565528,450.5252908996262,-2.0432743643901,87.4552268688815,30.40518279639301,37.32471623751736,20.6272568608629,22.21193471823596,13.80419408659012,14.85033654533774,9.770178888295659,10.55204216552892,7.250612993691389,7.819240620759785,5.582793808232532,5.985178262706711,4.427719184957928,4.705082912060377,3.599346814417494,3.784501564543458,2.98881636610427,3.106805701435011,2.528948156866295,2.59878441806603,2.176603176007236,2.212708533759155,1.903054452652814,1.916575738690358,1.688808557514426,1.688400451286982,1.520241793821232,1.512908692589934,1.387787411104812,1.379475709177322,1.28472095489434,1.280854056362761,1.206501814714868,1.212427382186616,1.15047767589884,1.171987834390316,1.115618159265043,1.16009595966604,1.103008749554504,1.180924723680567,1.116768612493854,1.24445934219835,1.166291817476246,1.370101174698832,1.269354169927743,1.58225241906658,1.44330311841247,1.807335928731782,1.505341436722842,1.384495422409134,0.2924632855384966
(6,),-17.01195246528171,119.5913361740372,192.746463017076,161.8929851563256,2236.792842071444,-5643.750281442871,2229.712740568366,141.2722768404104,177.9661843753033,85.61371476551369,49.92641241292883,45.55256901050299,25.99897822275121,27.15940399567576,16.46973383834407,17.92378835158127,11.41844238305496,12.66388858983166,8.381267975912076,9.38074709338579,6.409337841202785,7.196730459745769,5.057940092084859,5.675510600352141,4.093609752548694,4.578481398648377,3.383591214705423,3.765683977771628,2.847552705428204,3.1503253563112,2.43471934852756,2.676325168312065,2.111520725296018,2.306200229002872,1.855283670905112,2.014224930091088,1.650136848579978,1.782408709013996,1.484949184294321,1.598042236326957,1.351774456422602,1.452109092819675,1.245077960133708,1.338529636494925,1.161101177552761,1.253670638545285,1.097771045272982,1.196300401238608,1.054883860301619,1.16818407815764,1.034634458952206,1.175630777665679,1.04311062205768,1.231670711528234,1.092368941061528,1.350552022741364,1.191024597252706,1.458307469918316,1.17105224021152,0.9966804029492042,0.1614502496604882
(7,),-18.70044522368542,104.0234081666426,2.886542178360833,458.9777059220793,-806.2587932840903,4426.868694996071,-8547.130118586654,4420.397039855433,-814.239730630422,442.3276693608194,-6.001844005828678,83.55921306667574,28.37997891856389,35.64322295293052,19.62616958619826,21.67773908006349,13.35724513936698,14.91242617945376,9.627055509131367,10.91837127811479,7.273446358249349,8.331014716760125,5.693402706971961,6.554437639642548,4.580733947028339,5.282639536584907,3.7679850973293,4.342894043306782,3.157068323757262,3.630931037150467,2.687158758996071,3.080628678154094,2.318909897797208,2.648313894962442,2.025863090537706,2.30426443187852,1.789870254425896,2.027720718906135,1.598082934259284,1.803994449941703,1.441348787115475,1.622659360549944,1.313121318502912,1.476430811160094,1.208885070273735,1.360520751519889,1.125927072690628,1.272518843352665,1.063135510512771,1.212892305634662,1.021626940988858,1.186007576225609,1.005843090288012,1.201828736766055,1.025230579395391,1.270832240574166,1.085435002202297,1.324753488236014,1.033540332407508,0.8732655609129836,0.1232898515572822
(8,),-14.48994424790797,55.04743693104648,53.74837375091661,94.5654579316824,181.6852029608326,141.7458293719924,2225.767709694654,-5657.278971334367,2223.111228083881,133.5215430241007,174.179988468327,81.34414847913965,47.75637497406532,43.25749348667098,24.75487901633027,25.9858060438407,15.76674782777532,17.39592013859543,11.03815058992587,12.51137433920104,8.196065277555517,9.445928447029944,6.342532377234477,7.385493519037171,5.062295779707727,5.930604446223484,4.139445523256834,4.864605260894844,3.451940544995244,4.060874793614668,2.926128088967758,3.44086736084403,2.515467663246099,2.953665624204475,2.18910927247416,2.565048356449924,1.926146143273426,2.25136358871306,1.711865324006896,1.995943419363468,1.535903994631963,1.786934420083864,1.39083733433103,1.615902813078343,1.271512558557636,1.477233524696332,1.17451796956284,1.367818166682212,1.098218092281564,1.287278216860814,1.043181736344358,1.239001224326611,1.013131616528504,1.231865345455264,1.016547656702536,1.27603197132071,1.059447406146652,1.31184090514891,1.002744323639922,0.8964157632097507,0.1334883711182226
(9,),-12.74999114196415,41.65079209586379,30.72058208833126,91.1606023173756,-1.714861376868107,446.265312217307,-814.1217442697375,4416.564847101124,-8552.494446603816,4413.755079979006,-817.6182443766796,438.2594260425342,-8.11530503469228,81.10103742622604,27.0503153480407,34.17597254937866,18.78692225073563,20.8260098332559,12.83028315735516,14.44796238802459,9.30214587148603,10.69976931782192,7.080782067025305,8.26887303474621,5.587823061048796,6.591202521113591,4.532493185644942,5.380718113076949,3.757182799853482,4.477441868479248,3.170218590131712,3.785392945156013,2.715026252258887,3.243918010774846,2.355119871257794,2.813003883386576,2.065996254103044,2.465415896345281,1.830870456529596,2.182120912508624,1.637872871002004,1.94967715971563,1.478591602921916,1.758633107546015,1.347101351006829,1.602592364607892,1.239517646544907,1.477799480262164,1.153940777297394,1.383391915892106,1.090591049818315,1.322570754863572,1.053074225035025,1.304411082115414,1.050200753977297,1.341133860540464,1.090540734070291,1.383795435877062,1.048155425936318,1.021976782384478,0.1783776300115667
(10,),-11.93915359321978,29.54673297012622,26.0238115861358,49.42585379207789,51.86371437682578,86.26585794062396,175.8772874974959,133.744468690397,2221.407796095686,-5662.922738610855,2220.16192798807,129.7968438107806,172.2168618086723,78.92039339311955,46.44469221404347,41.6862999095001,23.87321796038196,24.97469991472742,15.17257099113071,16.75674822358846,10.6388832278293,12.12176086590942,7.930539472264828,9.225008807492811,6.169627927727509,7.279017993710389,4.953958594102573,5.901716158244142,4.076282777714566,4.887993562439906,3.420402341221606,4.119020019944462,2.916666707857476,3.5215789976128,2.521318515238833,3.048453990345822,2.205475784225633,2.66803967554682,1.949655274420598,2.358581969709094,1.740211548990036,2.104854646533615,1.56763262262926,1.896196489537416,1.425249727196711,1.72531548445902,1.308713851090928,1.587951852189146,1.215669189739606,1.483010702909262,1.146193503887697,1.41363446763175,1.104036127463249,1.389519655884485,1.098789844575864,1.425771364766234,1.142079466977649,1.483938918620849,1.119721686509454,1.177093863498275,0.2325400876833754
(11,),-10.81912033023508,23.15505234897196,19.3124246374908,38.99156876191475,30.66036663941286,85.96898126080059,-5.873474033689793,440.2390132060807,-817.5802923470276,4411.926551342026,-8554.998083827726,4410.479267261019,-819.380386863243,435.9939329466008,-9.35341595693356,79.54144613402163,26.17708300437884,33.10539774560151,18.16902055249658,20.09592515328654,12.39274842112778,13.9567440483174,8.99323993845257,10.37729354019232,6.864393114794405,8.066264804745177,5.438491204565524,6.47409480650505,4.432095284396642,5.324750007676683,3.692717823649073,4.46524332061444,3.132305143877826,3.804532045467915,2.69687514963988,3.285500670382947,2.351828992746343,2.87071627759603,2.074070312806648,2.534880373051389,1.84790555776621,2.26048606344143,1.662369566122508,2.035405518297288,1.509888757527557,1.851494216908142,1.38546169127914,1.703945846875002,1.286445054523267,1.591388718691213,1.212965957030587,1.517155262327988,1.169032054882159,1.492200254871521,1.16549789952128,1.53543037305069,1.217959270918038,1.6192793632862,1.223099854130402,1.372549685549469,0.299999990385948
(12,),-10.26856105785382,18.11529169205133,15.13688820288505,28.71027605151228,26.99784560998132,46.22139045848925,48.82954654926857,81.64631741258691,173.1009837488109,129.9000996034541,2219.277614032426,-5665.793480051901,2218.592263055028,127.7149681811938,171.0695634648838,77.42241626531856,45.60577181005285,40.61164435644693,23.25863304505386,24.20645516659854,14.7218823793439,16.21109746131084,10.30869054613458,11.73861788965699,7.689535536255995,8.961114345683718,5.995115360823871,7.103083680975801,4.829383062682855,5.790997333653119,3.989512778121077,4.825898398482285,3.362518124075931,4.093422621417661,2.881107125072192,3.523636477082314,2.503281920467215,3.071779598311723,2.201505689979804,2.708140394738058,1.957368581935276,2.412502918609934,1.75814382608459,2.171009755594814,1.595201646125273,1.974406883053158,1.462876821604041,1.817158147351738,1.358199493591962,1.697674686627238,1.281091541961929,1.619612582999848,1.235927547525664,1.595104092868319,1.234897045279306,1.646778805020139,1.297507029885995,1.757086628503753,1.329687644827293,1.565567153214596,0.3659510950803937
(13,),-9.502094560857406,14.86218766488826,12.01364034621939,22.95519250695634,20.81618631340152,37.14846344521677,28.4891568611879,82.49278999276656,-8.070775860567329,437.1071281116405,-819.36648760223,4409.458590769256,-8556.37303843216,4408.609576593665,-820.4222768296488,434.5960854030413,-10.1397904853917,78.50195362912702,25.58398261222243,32.33529030493679,17.72177078840997,19.52795475547942,12.05578949310705,13.54070503903744,8.740021324162752,10.07582834218513,6.675117975126209,7.851598867619681,5.298373371395502,6.325551209884903,4.330077055357638,5.226927732713721,3.620526298556418,4.406677055957928,3.083764772191944,3.77672386279128,2.667413247674674,3.28222784180037,2.33812878060103,2.88755651722529,2.07384509631409,2.56891652973812,1.859778263107846,2.310184569170466,1.685867409311307,2.10070324835667,1.545600833043034,1.93421422112224,1.435472254090622,1.80883354860894,1.355343343179615,1.728458556207992,1.310121527390832,1.706598236209586,1.313409455597079,1.770089188204649,1.388933444966245,1.911266652268308,1.451115007306184,1.775543195150672,0.4372070487391166
(14,),-9.009125857524785,12.22178293027926,9.655960230812713,18.37486585547181,16.96717027379614,27.78327544095802,25.43482527193082,43.57394630748944,47.06914213387081,79.06708231546327,171.591694612847,127.7676724906906,2218.070788153328,-5667.469771821547,2217.649309584604,126.4217154424493,170.339038134509,76.43294112166258,45.0417085940132,39.85830273151462,22.8238316750486,23.635306000188,14.38722867281848,15.78027673777444,10.05173138657752,11.41601907638015,7.49309857588309,8.722276942171906,5.846101452243606,6.929418388645134,4.717822676218029,5.668412408753384,3.90783676736059,4.743743197563911,3.305008150063654,4.043701880790232,2.843491435049743,3.500437343061728,2.482448684748406,3.070877489576874,2.195319704829452,2.726761222204742,1.964583300953785,2.4492482041307,1.778425973138765,2.225990804036704,1.629323450816841,2.049724949453158,1.513203633385374,1.91805507400683,1.42980375257818,1.835128572334408,1.384266636511793,1.815862342124144,1.391620818912848,1.890930780292208,1.47958124429531,2.061449512629316,1.569711559850882,1.975358172972756,0.504254473011513
(15,),-8.407415093471297,10.38574715982687,7.937207621672442,15.15746855885302,13.94519866838973,22.63889165100242,19.71401028307163,35.16375060540487,27.09253458475848,80.39243283988205,-9.334428870590562,435.2856719277914,-820.4152482804899,4407.975083314622,-8557.21658487766,4407.431538962654,-821.0919020180373,433.6713004557243,-10.66789952659643,77.7810921120842,25.16892667468816,31.7761367356389,17.39640595323858,19.09629356054095,11.80144985212134,13.20943363372239,8.54204710941717,9.823773898576507,6.522083312164813,7.662334732956716,5.181429210195175,6.186410244141644,4.242408732218945,5.128198379262252,3.556927529680554,4.340984987225303,3.040316562012812,3.738571427767464,2.641254214419328,3.267678001780178,2.327312992482576,2.894052195371243,2.077286130104825,2.595252878809492,1.877303738570062,2.35669124548643,1.718445984134804,2.169789929736533,1.595884364112021,2.031636943283788,1.509014583191291,1.946541156521302,1.463354222783733,1.930732262765,1.475515748073083,2.018848128207774,1.577190502112314,2.220620942508237,1.696338953937102,2.183129673303455,0.5735428495598272
(16,),-7.948461473828585,8.829733700551394,6.562014381770805,12.58695446405959,11.64404227830893,18.48474352731734,16.1993105474475,26.28953631041338,24.31637661828613,41.84720445648991,46.00262753517131,77.5008618082434,170.6760017484522,126.4511318946013,2217.31510647976,-5668.54245333232,2217.036855759869,125.561715311614,169.8470741413802,75.74929482210831,44.64868666112622,39.31803022325983,22.5110090140736,23.21045065557156,14.13909170343145,15.4479839451395,9.855785833903168,11.15801076451699,7.339408769994828,8.524101730784166,5.726850220815304,6.77976179769539,4.626914631306883,5.558493033517187,3.84057183924137,4.666831297085108,3.257829505250036,3.994753691451924,2.813804533800076,3.475846941858255,2.468515365358132,3.068347473044042,2.19623129439373,2.745318659721556,1.980343091057855,2.48947258390934,1.810209350457785,2.29062239551255,1.68007233874327,2.145042500271874,1.588945838016929,2.056961968880058,1.54263582233612,2.043871901006312,1.558982068526214,2.144206152218104,1.673448999590221,2.375181323896532,1.819174855119604,2.380153467728522,0.6383738852210592
(17,),-7.431886455104655,7.698151330838382,5.533769724773505,10.64641714085279,9.87808420445238,15.53701747614499,13.4282354005561,21.5348673308268,18.82550175905338,33.75648858527742,26.19826903497691,79.05641311723605,-10.12848218695322,434.1273211796584,-821.0870422050589,4407.008896813288,-8557.77251044667,4406.6404887819,-821.5457316857771,433.0311638995574,-11.03600138177898,77.26669564253947,24.87185104685714,31.36508106389581,17.15766913953754,18.76961101203184,11.61055147642946,12.95157231070327,8.390458196049272,9.622193022571897,6.402984541647777,7.507064438117279,5.089437472085383,6.06962016820788,4.173337215744896,5.043837474715787,3.507595149752366,4.284501876888803,3.008411496189734,3.706729360574132,2.625261830476159,3.258474364420014,2.3265167200245,2.906777008959696,2.091877258958837,2.630762166369845,1.908674598276309,2.41807874270432,1.769837088830847,2.263877745121208,1.673805716106387,2.172304589052558,1.626460476103336,2.162026442168812,1.647012398881392,2.27514351262983,1.774807576994863,2.536040793934394,1.947402489513015,2.58189851084153,0.7043307615091687
(18,),-6.997536670531209,6.703157828201787,4.683090991514283,9.053046433973702,8.458127332311898,13.15911933089696,11.31362401699994,17.6755401453615,15.48954076743566,25.13458506120238,23.56135769711516,40.70035296678973,45.31056221627826,76.47761880340556,170.0770824253267,125.5787380103655,2216.810966910194,-5669.269076501125,2216.618607270358,124.964149237425,169.5033512060199,75.26214339082611,44.36793697013758,38.92340170842143,22.28285934219456,22.89261838693505,13.95472985238879,15.19373262623742,9.707901145446058,10.95648004690782,7.222067197607118,8.366535086692004,5.635315644166728,6.659209612484744,4.557477620048729,5.469549897254528,3.790409300321386,4.60542753104186,3.224905544239116,3.958024017653552,2.796827678552103,3.462092934195816,2.466964244845058,3.077134804427974,2.210489761806445,2.777793317398781,2.012024992128078,2.5490937627626,1.862856773879019,2.384763207221784,1.760676218594608,2.288554612607768,1.711385404297759,2.28003270291995,1.735441530258107,2.404764534584032,1.875548627800782,2.693495494001654,2.072592321192089,2.774495881314134,0.7662438440051904
(19,),-6.530394120117295,5.953310767205772,4.031976214307162,7.805358687347674,7.334780825891728,11.32706838300299,9.685668163176858,14.96037058136236,12.86574802517076,20.59454653842388,18.19143405022949,32.77832555839875,25.5982956342395,78.158428826111,-10.65936574154133,433.3454346226058,-821.541844556156,4406.346041428534,-8558.154992667223,4406.087399321356,-821.8642365356038,432.5742494844341,-11.29910614639732,76.89193775487927,24.6558393981797,31.05963889769414,16.98145097595722,18.52242045668328,11.46793838889006,12.75334772811914,8.276347493145606,9.46533811700355,6.313258742742639,7.385488399160518,5.020851585273745,5.978559421502992,4.123422299047226,4.979710404967732,3.474592633106472,4.244826403418298,2.991257331040934,3.690125498908098,2.623635599748049,3.264798709531045,2.341001375583885,2.937481283797621,2.124315397248747,2.689687763257106,1.962918432017614,2.51316941797751,1.853370232740167,2.41098415851967,1.801411428909185,2.403603563909212,1.82854385909931,2.539968584095526,1.980952838804882,2.856737860226074,2.202390932776176,2.971131024841111,0.8290469478327651
(20,),-6.114372682750502,5.274109099420263,3.47959346979764,6.754908766140093,6.404552209080554,9.81171726848667,8.37046852070426,12.76174801725948,10.86748704455874,16.90700422490059,14.95423355094365,24.29592066241252,23.03882899670886,39.90910118120334,44.83846753231752,75.7750481395608,169.6661729192259,124.9738862376408,2216.460577448545,-5669.780503926169,2216.323696524008,124.5364823534235,169.2573375428428,74.90751111408848,44.16410581654255,38.63137997801242,22.11521802615515,22.65395738237674,13.81804942224303,15.00050877505904,9.59780407896698,10.80212102010444,7.134985999217128,8.245723174917446,5.568426045985928,6.56777076945924,4.508637717049829,5.404360272427987,3.75812176626823,4.564372408718818,3.20832501639609,3.940035510146932,2.79583082330832,3.467318403868673,2.482332428269134,3.107335583925596,2.244295729593796,2.837199364933672,2.068433592921503,2.64622675120509,1.949846582962936,2.536476844501488,1.893932321884042,2.5289982291768,1.923161461303539,2.675714339222477,2.086942260476819,3.018414836482788,2.330503515314442,3.160739448834349,0.8884218168546629
(21,),-5.678373242807869,4.745823988574855,3.04931166794974,5.911605634882832,5.648456908438333,8.595017078282421,7.322800062680235,11.06995798720731,9.335178012377776,14.33757735397153,12.41599212903425,19.87955084771203,17.73837824588094,32.08486519979144,25.18043516939966,77.53067243665139,-11.02879406159441,432.796675384081,-821.8608308413983,4405.87590087578,-8558.426396858325,4405.689861241212,-822.0930051810318,432.2413322081838,-11.49011178714658,76.615127493095,24.49757122397624,30.83141254129442,16.85156294828687,18.33610650346231,11.36272285504372,12.603332299345,8.192752637862098,9.347038664729473,6.248860592654063,7.295300181482127,4.973823879810334,5.913807462204816,4.092523469990894,4.938645742705204,3.459194441475363,4.226696409069288,2.991434694791194,3.695374854092856,2.64037161765633,3.29550790192734,2.376604484718589,2.998282085222919,2.183271763181092,2.789699238578484,2.053715897316151,2.670279803078144,1.992621250706884,2.661369074727632,2.023264801928125,2.817899723628752,2.198081192317996,3.186472601226886,2.463428229156898,3.355113543280062,0.9488373216514207
(22,),-5.275946424023023,4.255475785102878,2.676771396054111,5.186503662973212,5.008508753959251,7.565711387763551,6.451002171537757,9.664542876886928,8.096681906816292,12.25713276853986,10.4883278032019,16.29510505269946,14.55993492465094,23.68600281348828,22.6678608216483,39.3467176963058,44.50565863802133,75.27641700665093,169.3753897470736,124.5416695918217,2216.210670958366,-5670.149711924256,2216.111884291052,124.2242453029483,169.0786507067484,74.64580912625205,44.01510033348381,38.4139775197577,21.99227112223376,22.47525477148273,13.7180306742052,14.8557268959811,9.51811463388713,10.68732907584703,7.073559576782102,8.157830189343539,5.523723448032418,6.504514454586421,4.47965440161635,5.364334837972325,3.744434911342826,4.547127590827547,3.210201204237724,3.946307543136164,2.814452160654784,3.499506754610494,2.520243511360009,3.170478513968486,2.3063074176584,2.941022678728377,2.163549219387331,2.809666186589123,2.095613688489628,2.797740129788522,2.126391669366423,2.962771642908342,2.311161828307362,3.355214010868772,2.596254334253174,3.544647399116106,1.006470749078012
(23,),-4.860356559386452,3.86287898351095,2.382750246503742,4.592926015593717,4.47735517251104,6.716285878444843,5.735409707529297,8.532875609010542,7.111966440564437,10.6656286365095,9.017239162608316,13.81706371790536,12.07438459122315,19.34594874732061,17.4105350481876,31.58368610777415,24.88202657871003,77.0800143807526,-11.29253943733324,432.4014866062543,-822.0896680596043,4405.534868844066,-8558.624446567563,4405.399796719509,-822.2591054483646,431.9956162401088,-11.62945826385657,76.40963502201555,24.38205240235603,30.66148879273242,16.7572748506476,18.19774491739145,11.28748803739538,12.49321524926055,8.134842126098317,9.262565404848525,6.207009588457822,7.234607730507394,4.947257569346056,5.875826891447468,4.08102103960868,4.923227997241784,3.463213725961256,4.234872274224666,3.01235906826311,3.729869871392135,2.680987092665685,3.36177916267369,2.442056158526422,3.106683032858445,2.28309552284195,2.96025016573479,2.206426297696311,2.94328902332628,2.236212573140241,3.115683069888516,2.43044464427154,3.531607879653658,2.73482387754959,3.740367536205338,1.065549349793912
(24,),-4.467414800590647,3.491477359964673,2.124252286005888,4.073711827444985,4.019955325151223,5.98453136674688,5.12716717117837,7.571099265847665,6.291241260708037,9.342282507927713,7.829620651455263,11.81315400916203,10.19141226677224,15.82670968343121,14.26933990998503,23.23808034794926,22.39966897075589,38.93853410374244,44.26604559100672,74.91459017402208,169.1656334829133,124.2265631780298,2216.030221278968,-5670.421589940827,2215.957382812584,123.9939590520998,168.9485742117691,74.4520463077503,43.90687890279844,38.25296805573423,21.90375753143303,22.3436695497055,13.64741660222958,14.75079004465338,9.463971110207783,10.60687938804084,7.034869901480813,8.10036889625234,5.499924455892366,6.469286154985973,4.470715479479526,5.351477354751314,3.750998277379058,4.557959198954139,3.233848784508136,3.983879263899908,2.858212654295402,3.569700584000874,2.58960198138358,3.284289693981458,2.411343832416594,3.119580545726829,2.323764190976684,3.095410767301688,2.350976034524175,3.273649464140512,2.553403871136137,3.711200818003062,2.874943217065493,3.933639360805144,1.122375638406873
(25,),-4.06510643678882,3.18557033939696,1.91830877199441,3.641927517163862,3.634123250676944,5.368290595361278,4.616518313790319,6.773067857863909,5.617424426607774,8.28009815322985,6.888935284762712,10.28920834974043,8.760211591544621,13.40777222543936,11.81777360409945,18.94730873197327,17.17041742618941,31.2155352632679,24.66521007794172,76.75019674345371,-11.48396838985896,432.1117558018838,-822.2561878437247,4405.284757486911,-8558.766166013784,4405.184753734622,-822.3797973254276,431.8139813000319,-11.73020163337872,76.2581085645704,24.29957556299404,30.53734038228464,16.69159596747729,18.0986978203313,11.23745657581787,12.41751995976215,8.099675123650321,9.209069526595927,6.186346445554092,7.202858974575712,4.941252913780386,5.866245376193687,4.090499945808534,4.937420020552169,3.489958472487656,4.27622027224668,3.059646783124116,3.804693796012238,2.754654303626407,3.481740674672513,2.55274846814415,3.294066933550911,2.451341080518824,3.259718435123815,2.47425135613531,3.442114059867982,2.684057843276581,3.900553562602403,3.022357102761272,4.135175537597472,1.18131721717777
(26,),-3.678181452348048,2.891554362536082,1.734682619309043,3.258118459078826,3.296895147017928,4.829196838486419,4.175155524787371,6.082616482270025,5.043584757790781,7.37614292848014,6.105418416424948,9.023438736890935,7.607001259489256,11.45523481040418,9.96463609157175,15.47165132467698,14.05426044424482,22.90589920552186,22.20348593721648,38.63792030590906,44.09144773130932,74.6483216827012,169.0130061015673,123.9944359245954,2215.898443109812,-5670.620982566013,2215.845481373693,123.8242020855766,168.8551402312444,74.30999501916405,43.83042572759694,38.13644252954514,21.84310808482264,22.25083627695524,13.60166959822448,14.68027110824599,9.432556759088484,10.5578407827951,7.017616006727981,8.072642861874167,5.497161818952362,6.463564058875649,4.483447223711999,5.369649048218072,3.781206181782308,4.603740613820957,3.285061858723918,4.064038131057804,2.93662788389522,3.696585592782396,2.706447870575936,3.48137796279512,2.588206246664611,3.433811835247047,2.60477049389006,3.618366761103794,2.820479078866972,4.095736155352926,3.173212305182768,4.336479706062839,1.238412884571107
(27,),-3.28362507767424,2.643006016685735,1.587737624862077,2.934693768219681,3.008715925588442,4.367985226110412,3.798160896737131,5.496918765037781,4.560885418140453,6.62691185891301,5.463760164860008,8.011988899392152,6.696985457686885,9.977725867206406,8.560592791667215,13.0928663752407,11.62587026695437,18.6488082368368,16.99361612818298,30.94267791062632,24.50663905080088,76.50656357062286,-11.62345640958686,431.8979928513826,-822.3768471932348,4405.099440766793,-8558.868493680762,4405.026841023264,-822.4658184228523,431.6817170223814,-11.80047929598153,76.14962445323332,24.24416447364071,30.45120553895756,16.65038279225571,18.0338825957431,11.21007282499327,12.37349334347889,8.086129356966074,9.185939243818593,6.187141705411635,7.201583986563358,4.957569778340758,5.889000632533147,4.124522663167002,4.988262521232836,3.545475483344313,4.362381624117346,3.143230128008518,3.939240226484742,2.878142638005933,3.689399990362376,2.738838197944042,3.62417295025709,2.746368528804904,3.808385188819808,2.966683219075882,4.303651737465534,3.333325128396194,4.548888924946968,1.298457967377358
(28,),-2.899238909088568,2.40105831342249,1.455337431235189,2.643285550762692,2.753696190239886,3.959237077002962,3.467929036677872,4.982789795946059,4.142854198063552,5.977483792873755,4.917301816763647,7.151469884896998,5.940003419534246,8.752330292280613,7.431213367091136,11.17572897521479,9.793339374407514,15.20323978832318,13.89491270428638,22.65816366378662,22.05953244010524,38.41504758384059,43.96414960700898,74.45157559549718,168.902396033829,123.8234715116238,2215.803912683833,-5670.766915325014,2215.766506381332,123.7015121068598,168.7909209141479,74.20952061027218,43.7802482991285,38.05712332128658,21.80650935552797,22.1919570003424,13.57846450344274,14.64157915055769,9.42292237399231,10.53970297817014,7.022220049276187,8.076276520902306,5.517358959099966,6.491426794461708,4.521625144181643,5.426144022743037,3.84141894559699,4.696578237430599,3.374270127040454,4.207031993235922,3.067305889761102,3.915768405841864,2.90244818704853,3.828566759885534,2.898147866561336,4.00972289409703,3.121253227619094,4.52057044821311,3.499217642087976,4.763365270560296,1.35701514547525
(29,),-2.507849219504894,2.191407097820202,1.349220493172544,2.39473488571351,2.533470970154238,3.60490586756633,3.181958139023798,4.539217239825534,3.784671712480298,5.426370614222,4.458311944293615,6.440605551505655,5.322073651064239,7.777471909193654,6.54295884842739,9.730902175447776,8.408421166220476,12.85266241423832,11.48294972184209,18.42495276472145,16.86359980217907,30.73980549367324,24.39109507385669,76.32648138661216,-11.72413386965702,431.740885194314,-822.4627878149392,4404.964669739724,-8558.940030535086,4404.913824869764,-822.5238636156655,431.5895363605086,-11.84526161344324,76.07748051571932,24.2123846887154,30.3986760008646,16.63159596764906,18.00098035871048,11.20461858038109,12.36083741969206,8.09483765477602,9.195003472468581,6.211542203908115,7.235112222837286,5.00025836851567,5.95175257696987,4.189829147231334,5.088447972073483,3.640767864539564,4.514599992171989,3.281652772833297,4.170902921693188,3.084771408721286,4.054956315467324,3.064713735854337,4.229238056044772,3.288496721421531,4.754106066574004,3.677004775259312,4.99264241870472,1.419542935569043
(30,),-2.122484125902588,1.985170972583606,1.252881267247244,2.168057241057182,2.336528391723712,3.287342061629875,2.928632336844675,4.145106776010302,3.470354706432089,4.94165252002357,4.060676426534364,5.824313120828518,4.796312329939072,6.948980986055557,5.805198264356301,8.534468790042233,7.296137761323494,10.96082139906733,9.66527660417662,15.00105527948318,13.77765235467749,22.47366295227232,21.95488241444838,38.25046432337104,43.87277234235055,74.30758397522756,168.8243711702171,123.6999796538022,2215.738982099772,-5670.870277661276,2215.714468910397,123.6175390044395,168.7515071721097,74.14460092855747,43.75334709394553,38.01110739651441,21.79226849899397,22.16510406622347,13.57737699322382,14.63474818356745,9.435975523777765,10.55461891586054,7.051117694523529,8.115971027220859,5.564909098906505,6.56102623984988,4.59244346817527,5.534379934857545,3.94330042426104,4.858877896299452,3.52106496892774,4.452261624658422,3.285377766541734,4.30113931136341,3.245368866486226,4.4647252607525,3.467397495978308,5.000680214984545,3.86339594521557,5.226494357931995,1.480856827040941
(31,),-1.729968586433748,1.802281842288933,1.175912584044458,1.972538327884441,2.164903149719264,3.00892453218263,2.706901709512844,3.800389854375114,3.197103738415396,4.5228381561636,3.720184460970551,5.302517990732323,4.355879314920247,6.267190530603631,5.204862315651869,7.586374589613474,6.42377986650471,9.539713276087376,8.294360850381263,12.67106317402146,11.37786050700519,18.25812062761577,16.76946826198092,30.5903159349685,24.30881142256782,76.19539114096389,-11.79425617704951,431.6284546545584,-822.5207239237625,4404.870720799092,-8558.985846935062,4404.838250227754,-822.5577472371002,431.5321299081218,-11.86709852311605,76.03832976203452,24.20291648673609,30.3782750115762,16.63513812802931,18.00042453868014,11.22231509385808,12.38210356779544,8.12856938000652,9.241417573821446,6.26433644751888,7.312181686457955,5.07703028207825,6.068757440816373,4.298824884578851,5.261692512119912,3.796587631723166,4.774499280835221,3.512033753960808,4.577621612848364,3.445995418559914,4.724561698976417,3.663097165509162,5.269078968896874,4.0652484318338,5.479924188949012,1.547433913887925
(32,),-1.33996262325871,1.620744774675885,1.105811634868296,1.792238616520902,2.010023057151735,2.756873252643322,2.50863391925362,3.490965702941078,2.954700118454007,4.150045419326266,3.421257895327672,4.843363715587255,3.974581921550254,5.676546718640896,4.69476825371193,6.781760636795807,5.700333572949118,8.364675025682521,7.194827616969781,10.7979995888125,9.571397347654688,14.85052729947624,13.69332485014179,22.33827185661742,21.88117917826672,38.13158444849464,43.81019258887776,74.20579581406307,168.773103057411,123.6154509576471,2215.699082035914,-5670.937500490674,2215.686036177426,123.5676736162599,168.7348038590072,74.11246012033676,43.74878795417501,37.99740445089499,21.80063848950096,22.17116101065889,13.5999750763571,14.66279250784933,9.474861763315657,10.60827745353486,7.109546291383127,8.201148962095848,5.648109969564745,6.687584397467962,4.709141608900608,5.719558161890363,4.108895495003658,5.134745996523896,3.764757603852692,4.882122727529123,3.666317694432912,5.006699030763657,3.874843113309122,5.555855440361659,4.279293903147206,5.740928390172661,1.612972857487083
(33,),-0.941909103632137,1.456188512719664,1.050296204543855,1.635047655042573,1.874027958870912,2.533664136448973,2.333522982566336,3.217207050926193,2.741613627174804,3.823256484786601,3.161395192098128,4.447226858905708,3.64879698997547,5.178097011639109,4.268731790052379,6.122086232886809,5.113356459151659,7.436679288699929,6.334527122563404,9.39475361399621,8.211211971255928,12.53623010409268,11.30302809447227,18.13646154559652,16.70417178480422,30.48346703944839,24.25371230605634,76.10420112511689,-11.83880354577737,431.5533462648549,-822.5544801493028,4404.811960014332,-8559.008474030388,4404.796183620568,-822.5691280075067,431.5073550884726,-11.86650398476711,76.0317303012762,24.21640358504266,30.39140930058899,16.66297151881842,18.03577526130078,11.2667394834818,12.44360905338275,8.193076336135594,9.335400659417902,6.354488854968504,7.449119077016563,5.202063391864297,6.266887516203004,4.474994249340496,5.554859243054299,4.054666207037613,5.229387036750574,3.914266581443468,5.322073306076689,4.109106717511504,5.871612974445187,4.513745298110782,6.027682807780986,1.685442217022584
(34,),-0.5431277454500842,1.291642860583176,0.999764403126204,1.488570555527931,1.750422897890284,2.329720436189586,2.175691038227314,2.96925166827963,2.550908283771418,3.529490012806282,2.93079267627906,4.094420721024689,3.362962548910639,4.739725895293099,3.900382816648435,5.551334681236805,4.615404937711856,6.650333788174996,5.62216022324667,8.236128303748982,7.12165087352316,10.67775281047822,9.505494443740737,14.7417847027733,13.63603337798451,22.242885087931,21.83329667549578,38.05063246062224,43.77221328363275,74.13993525537346,168.7453941479182,123.5651840164488,2215.681987103148,-5670.971574303238,2215.680126763946,123.550434499537,168.7407405601999,74.11325706274553,43.76763888971114,38.01800842008821,21.83402125735604,22.21431505642398,13.65032527088808,14.73275977454572,9.545920827757707,10.71182413472491,7.207232282010611,8.349413296406498,5.782206749069326,6.899883820195317,4.896828143538963,6.031655495901348,4.382639846985468,5.616962423365956,4.190118959598162,5.668757539493156,4.365667170417606,6.212960271609145,4.765091439897136,6.325739472372177,1.756813053532976
(35,),-0.1348286539085775,1.139314572322678,0.9605749290796112,1.359489672907092,1.641124409179788,2.147443103265732,2.035272706546251,2.747710498483308,2.381727124771899,3.268908710553572,2.728024387599444,3.785435971923005,3.114954578115256,4.362585949396268,3.586565024104542,5.0713830495871,4.200764075020241,6.007883609248416,5.045717753764879,7.32379861163009,6.270946965704418,9.28859222759004,8.154002502447247,12.44010400958264,11.2536194748117,18.0523994363345,16.66347767780773,30.41274748081248,24.2223525949443,76.04768640198421,-11.86033316366868,431.5117398318013,-822.5656698374216,4404.785957942096,-8559.008767631685,4404.786988488083,-822.5576116057637,431.5159677380352,-11.84196793785515,76.06029260781261,24.25571101730926,30.44293421654389,16.7196848026892,18.11486634067172,11.34486436993117,12.55750270983939,8.29891027631387,9.49594312757419,6.49840569611368,7.676790063545404,5.402239989257883,6.599527799357282,4.765738702848934,6.066754904231356,4.505159089443016,6.061984584163196,4.653174971401875,6.593717722807202,5.043864249001319,6.658352159709199,1.837507494670116
(36,),0.2775604108193734,0.9859894113058024,0.9251433761543618,1.238022412867391,1.54116014965977,1.979415553431005,1.907937597487036,2.545400980815555,2.229210290801444,3.032649406198012,2.546554649549761,3.50754922406626,2.895044009922594,4.026870582885134,3.311626946178176,4.649818138119612,3.842899548527554,5.45294640029117,4.557566598156085,6.551998285865541,5.567613171929112,8.14320051871503,7.072726521624218,10.59363081883679,9.463696908942307,14.66864284479756,13.6023749381764,22.1821735944839,21.80850737677414,38.00339631118944,43.75690284032014,74.10706378600818,168.7401786400128,123.5476034691268,2215.68763183709,-5670.972878859289,2215.697592316048,123.5672504586445,168.7712986716183,74.15028861818844,43.81328915907964,38.07854503003277,21.89760707951544,22.30332002755377,13.73613505894367,14.85797653178312,9.660662692892751,10.88587037169896,7.361922851826385,8.59404118221065,5.996112701098437,7.255208814541685,5.206264197303885,6.576276272028813,4.860705719449903,6.499913728797497,4.972072877925514,7.010215910606175,5.346111317332281,7.006797533504797,1.916688077447351
(37,),0.7016582318167672,0.8411690633232876,0.898815085844656,1.129764143861686,1.452329543409273,1.827921091852582,1.793924179055425,2.363081985850642,2.092955215485277,2.821006689597158,2.385531911989579,3.261218691357914,2.702053009419166,3.733616839768056,3.07378403084015,4.288409722526706,3.539010626223636,4.988000115227723,4.152327661766419,5.923517904356766,4.999941128993191,7.243728476242063,6.230160484047782,9.21626631012271,8.119766284914405,12.37781492982904,11.22702985057584,18.00174693384794,16.64536332767584,30.37494098699538,24.21342895305342,76.02378520098021,-11.8593388267075,431.502838997517,-822.5539340350698,4404.793497625156,-8558.985342378093,4404.812508826622,-822.5206259896263,431.5620678219778,-11.78950011743326,76.13053686358377,24.32672283475208,30.54267056819722,16.81383184641533,18.25238237812644,11.46929817055822,12.74624999239807,8.465345314816371,9.759056686909371,6.727296940028864,8.056870477454227,5.732100282316149,7.179921700760461,5.273994838491905,7.005011991653745,5.334534837354343,7.481456870215597,5.685890241353103,7.402189567595117,2.008402400941855
(38,),1.133621544240428,0.6944249298237999,0.8754788720550795,1.026983735724782,1.370639851485229,1.687113909163018,1.690012265751623,2.19532133509686,1.969503343509017,2.627696589393252,2.240479666859487,3.037884145529174,2.52956283444958,3.470087932122013,2.863283523302325,3.967179036904975,3.273352830512634,4.580389578830586,3.803344946510628,5.381713584874649,4.520170552602186,6.484156876881533,5.534697710231637,8.08223362921436,7.045897108952891,10.54193034235852,9.444123300964256,14.62794042472651,13.59097515775159,22.15382855162375,21.80609545028664,37.988628252824,43.76431130190206,74.10714235416933,168.7583746930735,123.5640383758749,2215.71786946316,-5670.938128090032,2215.741494705304,123.6230977496281,168.8311370496758,74.23107008384355,43.8923899860399,38.19002707634077,22.00089376385259,22.45439030952303,13.87124774941704,15.06301103873375,9.840087726806798,11.16954144440668,7.607431421032548,9.0017098410649,6.348648231724499,7.875460732543345,5.748001188042158,7.575823437087124,5.742280750055182,8.003586871428642,6.058819034411121,7.819689667756773,2.097799108361392
(39,),1.580282545693004,0.553145002401069,0.8596786037528239,0.9341620598547888,1.297778952909667,1.558964859658383,1.596556159367792,2.042895629833636,1.858546250102451,2.453039408591931,2.110900782088694,2.837930373772419,2.376848320879032,3.23707839133335,2.679173797773678,3.687598606105522,3.044404543418228,4.232343681269318,3.508084973910824,4.929508370452675,4.123177976728929,5.867689944742239,4.974866759824213,7.194059118561762,6.210799283479943,9.175226715967723,8.107350937211462,12.34725273664425,11.22255979812222,17.98315960540914,16.64974607155691,30.36970128039204,24.22760095085932,76.0333315941569,-11.83429791079238,431.5288861922074,-822.5166525067137,4404.838245816465,-8558.934124279753,4404.878897547282,-822.4527986311786,431.654277915797,-11.70158500275678,76.2548185542033,24.44000655354814,30.70856109326996,16.96065593938613,18.47526567716812,11.66299469970868,13.05248396945626,8.729134024786575,10.19704640081852,7.104809988668364,8.72103091396734,6.310813247637831,8.24739877233027,6.213660518083657,8.60403266751327,6.484320813214529,8.30239703006344,2.204275450264126
(40,),2.039421509918248,0.4089130559577364,0.8465545394862035,0.8452663197045063,1.230493175676059,1.438963494472394,1.511041513354842,1.901677584305833,1.757653750270559,2.292458662488528,1.993730758416398,2.65543692509857,2.23960166169576,3.026116569291934,2.515078923023984,3.436871710699374,2.842388252198748,3.923749439516268,3.250745689474046,4.534082708959858,3.782237981462332,5.337515711214066,4.502838846983547,6.445567657354916,5.522806396388651,8.051793112382997,7.040736129564084,10.52159203051018,9.446768632757532,14.61933170590866,13.60242453297728,22.15847006357445,21.82738795422618,38.00812511265978,43.79664605629578,74.14338695469185,168.8032520028234,123.6194422133176,2215.77727317069,-5670.860369797651,2215.818091551212,123.727882289446,168.9287877162957,74.36954765986243,44.01677689696246,38.37246081247972,22.16078637408897,22.69730023388401,14.08092851873617,15.39465974477837,10.12440596200343,11.64177018876833,8.013038494089155,9.71546920551966,6.96892587193407,9.01929211795579,6.752500411306753,9.279071481058766,6.957784001125783,8.816223436049938,2.306823774848978
(41,),2.517423487212916,0.2675205145120894,0.8397830474356125,0.7638896088611524,1.170352792605813,1.328616548169666,1.43393432859545,1.772320308763177,1.666678150465819,2.146282892416225,1.888537734399722,2.490727433019736,2.117396928439042,2.837813820473639,2.370439398388742,3.216118935686348,2.666557987322856,3.656438199317868,3.030021719089542,4.19802176529907,3.495028486413989,4.89689312095714,4.113689467182078,5.840270906607609,4.970630366648106,7.174432123001299,6.213155767181125,9.165441075902493,8.117448459875314,12.34905905944574,11.24148431579006,17.99822344419056,16.67863990299963,30.3997952427158,24.26778368894754,76.08054363668084,-11.78118324275966,431.5958620885188,-822.4484714742807,4404.928552187216,-8558.84794110557,4404.997458870316,-822.3444490279738,431.808355121489,-11.56494355350742,76.4554813834912,24.61435584191076,30.97358381851895,17.18804756835559,18.83502048790503,11.97008974124982,13.56263992521662,9.165959258174803,10.96590917680868,7.771421931961346,9.950325334964656,7.388260290629313,10.07038989358222,7.507526820940446,9.423155155789159,2.433201390095054
(42,),3.013926096571556,0.1218675109835061,0.8357904229748278,0.6851344631096604,1.114760668120043,1.224483346485796,1.363207589560714,1.651746668295014,1.583790774578515,2.011135321392871,1.793260203293113,2.339580187103144,2.007355811023151,2.666381924555234,2.24103155142917,3.016881576494418,2.510568142843445,3.417568885255893,2.836141449402162,3.901148604273849,3.245747071456965,4.512942300574694,3.780697979523756,5.321314756421454,4.506459686891553,6.436954112773839,5.532978178521316,8.052908602226978,7.058678533348815,10.53430887516122,9.473656969756744,14.64546227795334,13.6395080539914,22.19996091226462,21.87611415893448,38.06727092166962,43.8588122213486,74.22308839624476,168.8811992511472,123.723571174622,2215.874191092527,-5670.726420992385,2215.938499348361,123.8995466982189,169.0792605138848,74.59088853374261,44.20751111103274,38.66269033341156,22.40832170090304,23.08921938984226,14.41400095389959,15.94833966415098,10.59690073848016,12.47391709730628,8.732582703810866,11.04246357655899,8.129134944874721,10.9752014694052,8.128912457690022,10.07506492148245,2.552382484399049
(43,),3.535204722825768,-0.02362102072721584,0.8374105261933915,0.611978318004784,1.064944430493399,1.127714790146186,1.299403261089787,1.540325410895846,1.509008654980223,1.88723838467532,1.707616856255762,2.202274454282967,1.909081801019959,2.512293124585513,2.126551553993094,2.840014586073708,2.374021868721403,3.208543094783246,2.668536201336884,3.645581071395282,3.033265994295599,4.188523158025295,3.501712676701658,4.892212289337181,4.125529253215126,5.843100169687392,4.989062158096887,7.187000320336072,6.239469725289615,9.189740344587467,8.152910584865625,12.3870504774234,11.28745489089257,18.05203376304296,16.7367015995644,30.47193860966079,24.33990051512038,76.1741955985247,-11.69245806590575,431.7152527863659,-822.3396713107826,4405.079576988142,-8558.714247483309,4405.188667383143,-822.1785574223779,432.0526973500057,-11.35590115669191,76.77379628986407,24.88443120152262,31.40139320354894,17.55022415970033,19.43735512270704,12.48261845320223,14.46578455788281,9.94514394270337,12.4035161207015,9.025946495158626,12.06157532869817,8.865712235895828,10.86514036880144,2.706066601477775
(44,),4.083290420509958,-0.174917159716172,0.8420887003235664,0.5403552883766463,1.019119282575744,1.035547261800926,1.24098266615121,1.435854730156981,1.440939318133321,1.772214588769722,1.630160265413026,2.075816458589307,1.820747402631955,2.371530018440051,2.024272915299894,2.679839594790135,2.252805151108356,3.020969462034138,2.520953008304051,3.418535634535011,2.847905458393286,3.903527668701122,3.261032925807864,4.520178167277507,3.801237751573862,5.336146621925455,4.533738822802957,6.461701162973862,5.568361204459059,8.089688467653016,7.103528280099777,10.58524123558205,9.529454167941196,14.71286985104472,13.70798442897534,22.28660110656164,21.95942051384006,38.17662895194478,43.95974402450895,74.35979952649207,169.0035459866818,123.8940754312568,2216.023299256488,-5670.512816685059,2216.122159226682,124.1704949838637,169.309451474718,74.94184724123163,44.5037078409055,39.13237879964492,22.80432209607896,23.74849914563124,14.97315371098234,16.93468220968826,11.44556587632758,14.04060506188525,10.09627662114926,13.3294952657869,9.714589261812064,11.72269580702267,2.846080787999702
(45,),4.664746135776284,-0.329110744008773,0.8521377719677674,0.4725822939058879,0.978057760675135,0.9489070879360876,1.188292056889711,1.338479973459547,1.37971634802258,1.666010437866597,1.560765532674404,1.96033323102186,1.74207844828781,2.244454796638692,1.933887489021619,2.537004061651778,2.146744327944273,2.855920379474172,2.393143963082621,3.221644347731048,2.689251092923018,3.660300200659998,3.057682944765048,4.208285121113956,3.531578764085532,4.919800064511501,4.162379309168035,5.880923035549846,5.034337664898677,7.23730473185596,6.294635700962053,9.254812334351445,8.219576959385407,12.46942191897766,11.36751547243956,18.15472567041337,16.83251281097923,30.59877561089304,24.45452555342406,76.33026287134601,-11.55487173816333,431.9076103513944,-822.1733017262417,4405.318470703644,-8558.510598571243,4405.489594971812,-821.9244529046712,432.4404399025048,-11.03012631742802,77.29072535920726,25.3187719593558,32.12502362095496,18.1623233145006,20.51809795972699,13.410541706893,16.18053306799338,11.43507624685328,14.90006117670128,10.74763228935696,12.79592100279389,3.038119744148592
(46,),5.285343289032701,-0.4914625319370136,0.8659110602651234,0.4054591450935887,0.9406302785706286,0.8655174927247278,1.140508233020986,1.24654923953311,1.324432329282608,1.567115914703676,1.498472273703044,1.853892534624796,1.671944839473369,2.128383363091475,1.8538235903969,2.407734220443942,2.053340961075279,2.7079393045649,2.281217391246366,3.046744966356538,2.55128155092712,3.446313705060616,2.882234624029326,3.9367237915907,3.301131809707522,4.561628050160532,3.84869815513151,5.38836041017615,4.590088769076276,6.527068855677778,5.635180789872572,8.170683223860971,7.182574214539335,10.68463330002512,9.622806370109037,14.83398480289022,13.81823796576876,22.43366039224556,22.0899519953127,38.35524874408592,44.11512380295868,74.57777429071545,169.1901945208335,124.1626899231955,2216.250620015864,-5670.176497799601,2216.404557067148,124.6019987243424,169.6702912656158,75.51521435070498,44.98363520275684,39.93315563364891,23.47953845597815,24.94264030261341,15.99567103128092,18.82672434273512,13.08537075330232,16.78038381713058,11.96694860061468,13.97656972107112,3.203403625915606
(47,),5.952167687724467,-0.6604685877741294,0.8851926445155514,0.3403953868795515,0.9073297621724224,0.7859231766676698,1.097625035592462,1.160069910153641,1.275051288983624,1.475248278783863,1.443262008619684,1.756298700413499,1.610204123931258,2.023464512241892,1.783867135862541,2.2925047483985,1.97239037168982,2.577832379509859,2.185125543649208,2.8950872804405,2.433884359474015,3.263379117425296,2.734410491551588,3.708007810912885,3.109054358125316,4.264855420407377,3.590815154164116,4.987849151937664,4.231102363027448,5.962994192985867,5.114253348026533,7.336073824154012,6.38766292447397,9.373310983950592,8.328003168379166,12.61131311747481,11.49420389030367,18.32467394196705,16.98119404273378,30.80299375272435,24.63024968718784,76.57737537023867,-11.34501274891308,432.2101040457927,-821.9189360693173,4405.695308446832,-8558.195864442514,4405.971066090064,-821.5233874627339,433.0782438424114,-10.49784362730223,78.1797310594448,26.06661650701462,33.4494623539952,19.29426649377517,22.61654748644656,15.22660811542208,19.21705910500922,13.50049323146271,15.51745528681814,3.451862456325186
(48,),6.677607486332832,-0.8414303390002402,0.9094826415451236,0.2750206352758213,0.8776213146002315,0.7084648119082919,1.059467165992896,1.077822550952591,1.231457387450223,1.389504856222792,1.394787332751705,1.666617695603848,1.556376546268509,1.928258827695309,1.723333756776334,2.189099434369486,1.902761036054387,2.462307317284218,2.10282476795312,2.761736717972486,2.333652055326176,3.103916885784032,2.608714614518676,3.510270315713204,2.946495264162696,4.01042602162098,3.373948409922742,4.64781907523115,3.9318039653377,5.48976463712557,4.685338855597801,6.646602285487821,5.744686852914121,8.311689487957743,7.3088719061421,10.85118179959674,9.76908184244016,15.03127816692082,13.98865065616272,22.66864124623534,22.29013642216209,38.63756291964036,44.3529957556892,74.92139202578883,169.4773389300593,124.5888056449827,2216.604828677156,-5669.633977557875,2216.854712779074,125.3190502887876,170.2666166337519,76.51319233775925,45.82061543442499,41.4190453594712,24.74611973918854,27.29651530459858,18.02798648077639,22.22002235772545,15.37159715424276,17.24400926701635,3.645472550550947
(49,),7.469527926433038,-1.034420143092741,0.9398941533261364,0.2096807939494547,0.851608302992664,0.6329233258427811,1.025796501375536,0.9994515444426264,1.193258419502872,1.309422058903051,1.352833906842957,1.584356378794718,1.51039260970821,1.842517486128096,1.672107926829884,2.097706334021896,1.844312578354513,2.361928741540878,2.034210710796063,2.647612399076902,2.250650465362328,2.969293815082732,2.50515219852628,3.345429515698816,2.81329225750675,3.800940189001331,3.197363010849042,4.371551631889664,3.690408992174834,5.111233122112097,4.344004435979794,6.106248974753378,5.242793904133429,7.502892932021469,6.534660587874078,9.568222731546687,8.497014037146306,12.84013098814555,11.68988040153108,18.59517246735028,17.209844576343,31.12598678170002,24.90074145321676,76.96853635285416,-11.01969714958096,432.6932329579126,-821.5188659134474,4406.308606445634,-8557.688700633675,4406.779820176224,-820.8524543879416,434.2024459543655,-9.556794237683954,79.85365490205209,27.49138933467724,36.10568221421132,21.58590275887314,26.45734433603139,17.81370991746701,19.63553861358317,3.982625562401902
(50,),8.352697213154318,-1.245792416203981,0.9776071351241024,0.1426374001364867,0.8295749044611969,0.5582835102311141,0.9971549419860584,0.9243829310255288,1.161200730088583,1.234690531932153,1.318122781447994,1.509448165961596,1.472712130549463,1.766141306644628,1.63052562107025,2.017768690700934,1.797211487759982,2.275445192665152,1.97905759299483,2.550494969735052,2.183812620866872,2.855778580470746,2.42137785735815,3.207260498461386,2.705111280630692,3.626059323304172,3.053485075140115,4.141717957668066,3.493546211472976,4.797786422113584,4.066241499872966,5.661922863947646,4.837218036453269,6.845082311419663,5.917179327022067,8.541596798728662,7.505997405948197,11.11910277466685,9.996113430960971,15.34604590471233,14.2527488030046,23.04256359462986,22.6013765591152,39.08850220081336,44.72614399916054,75.47650501958242,169.9350965182774,125.2917150519503,2217.184191361768,-5668.708563593093,2217.620212423539,126.6049749218022,171.3401058757064,78.42935717983691,47.44771245985604,44.46573283290242,27.37009894033177,31.70261941818278,20.97687650393779,22.37883914636325,4.201384429512835
(51,),9.33588994956381,-1.477827226034508,1.022764442505324,0.0727565991408925,0.8109223422228704,0.4832023669792966,0.9728579053097348,0.8513753602244956,1.134582782229965,1.164337764039817,1.290002692412335,1.441070619537912,1.442994111423606,1.698442527451963,1.598476639759706,1.94894450518404,1.761356187617761,2.203009225889534,1.937271739091736,2.470939391203282,2.133097705839142,2.764282102275534,2.357525660967874,3.097103360023259,2.622020594490585,3.487638613814382,2.942201453732416,3.960801594931884,3.340507391608266,4.552516690042089,3.8502605790799,5.317193334164986,4.523479317026488,6.341833334647047,5.445473579210405,7.773867518442983,6.765104777800515,9.882061870247808,8.761220272717036,13.20688735128098,11.99600563367956,19.02887905525566,17.56937924954345,31.64703919149686,25.33054317700444,77.60798985250467,-10.49368006756454,433.5010705534838,-820.8543040343485,4407.370788687319,-8556.811601392685,4408.255288374976,-819.6220741468724,436.404308672173,-7.688156814683577,83.37050580279691,30.52246691592014,41.24429421618162,25.05024849388938,26.59576123492258,4.686799759287021
(52,),10.46889670125935,-1.740294459318176,1.07908745050665,-0.001368305665655711,0.7971986553299582,0.4070694540003474,0.9546012236526779,0.7806050105095967,1.115340143360688,1.099026479027064,1.270634536800434,1.380259161386608,1.423438189329566,1.640861165314658,1.577996292908388,1.892841545253412,1.738779867616736,2.146000609388943,1.910859050005844,2.409885806649991,2.100280592046522,2.695057384097784,2.314710261410046,3.014008670941058,2.564059567644351,3.382579018240358,2.8617921567832,3.821976606154416,3.226594079958754,4.36204894190897,3.685867461088676,5.046912683991764,4.281099273638211,5.9451247808778,5.07872781363656,7.168994127014249,6.190606952104019,8.914865845678273,7.818291582722533,11.55340132989592,10.35674500721759,15.85771024407926,14.67508240825443,23.6553903472241,23.1050536695739,39.8388112644761,45.34146100055873,76.4229179625563,170.7116207095802,126.5353768420224,2218.209025132323,-5666.979576765797,2219.059303968004,129.1930127216872,173.5331494095665,82.5882709934894,51.03237629460495,50.598523638404,31.51838828207654,31.45041488407258,4.918228206740489
(53,),11.76054456536063,-2.038961558311636,1.145033015287762,-0.08355695509502858,0.786461874790152,0.3265508146237126,0.940687167069862,0.7092304005975678,1.102046073333202,1.036461718496966,1.258812009615472,1.325285664218397,1.413051250275035,1.592017717055618,1.568512986112953,1.848340545947788,1.729214844212156,2.103714963260512,1.899604161566667,2.367147744615504,2.085173834371894,2.64830458145805,2.292797006566284,2.958481083245329,2.531250174644012,3.311727943885098,2.812177437211293,3.72648221857174,3.15149071295355,4.228085972825503,3.572076278053222,4.853177980446554,4.107910672078806,5.657254503654038,4.811952721862491,6.728923198619285,5.770866831358025,8.21798143669933,7.135487176442571,10.39673720684126,9.187612073474053,13.81111691768362,12.49398309958208,19.75038883021078,18.16187204496082,32.52824769376276,26.0529925004467,78.71757638348647,-9.583122945063698,434.9580725622514,-819.653047779328,4409.398249197398,-8555.122804353443,4411.301231151572,-817.0372238903028,441.3459454608772,-3.413234802248364,90.83816213134772,35.67052753836946,41.25005081374781,5.554863412966591
(54,),13.31196654168455,-2.392746318909006,1.228368403834167,-0.1763070603988312,0.781742066267713,0.2405268922919719,0.9345502991286962,0.6377074936729583,1.098571631653987,0.9784339701235524,1.258912965188698,1.278959830427592,1.416721530106408,1.555637088496907,1.575257264210902,1.820122592120345,1.738047180791876,2.081562513848571,1.909227534332293,2.348483875247092,2.093827026771676,2.629943083820378,2.297986317535232,2.936388979226299,2.529547530345621,3.280438212873386,2.798694898897538,3.67827811413377,3.11928890956479,4.151710747319419,3.510585863616216,4.731498834914036,4.000796962504551,5.463103944245386,4.632553477265804,6.41703712004339,5.473928063548763,7.708465013140473,6.639146982387508,9.537997644451941,8.333310388543863,12.28286604244023,10.95686137174862,16.72671998513808,15.38778232570243,24.71496118981074,23.97297199355194,41.17197117452906,46.43489361132043,78.17460714332742,172.1554721812911,128.9800139811768,2220.24570198231,-5663.281106799681,2222.201578330827,135.2821486992105,178.8273482257481,92.06815288943156,57.77444628709308,50.34326642641485,5.98907414790285
(55,),15.12902558422728,-2.814530966552016,1.323779774809233,-0.2889928093268894,0.7782741897066763,0.1411987359272047,0.9322156040527422,0.5596648292279065,1.101705238575965,0.9197123549463094,1.268372963363308,1.237063909346474,1.432385312692635,1.528398966378389,1.596585198959882,1.805433547252758,1.76420024082877,2.077168252395632,1.939050159161264,2.351963732582102,2.125661321127957,2.638506257855566,2.329733160204328,2.946516053012134,2.55842506600074,3.287576768164312,2.820899745688516,3.676260071661562,3.129323960255056,4.131790428451646,3.500328232816264,4.680656987551776,3.957793114123226,5.361137788215006,4.537081631086393,6.231076424025391,5.293117780417928,7.382488727874815,6.315407996031794,8.97024274625488,7.759027624409375,11.27445452825737,9.912333400361298,14.85359891182662,13.35270041651038,21.01821828223538,19.20563229879982,34.12048999038444,27.36632705853747,80.80843596097627,-7.848966433434828,437.8813791259064,-817.2011157410518,4413.851723597694,-8551.313291080094,4418.771207498412,-810.489127625712,453.6111131756969,5.401996086827296,92.5847969104037,4.42236158119792
(56,),17.39820036784029,-3.344558516619596,1.441240388634599,-0.4319858013263698,0.7782493231425449,0.02207113338645872,0.937112886197157,0.4724741717717285,1.116375403287192,0.8609548780756535,1.293427152629838,1.203050545618924,1.467559840943007,1.516091532800388,1.641239055466428,1.812185001485073,1.817428707496281,2.100525245263412,1.999621198836746,2.389376802007706,2.192181705008576,2.687166659713744,2.40048956531329,3.003223498713506,2.631114693606245,3.34850211249717,2.892434679168694,3.736369843378165,3.195322363771405,4.184058257711454,3.554552543487897,4.714823569495488,3.990619925066693,5.361457474078092,4.533441500063443,6.172290491378787,5.228050897738661,7.221976010189002,6.145986619104039,8.631836488286933,7.40664831530216,10.61198190666703,9.223157919302766,13.5549902398544,12.00903110259659,18.27075105519238,16.66484419973104,26.65273541785937,25.57949503439656,43.7209651886649,48.56067691769936,81.76144341722562,175.1821144008542,134.531692088018,2225.03562712645,-5653.635959390526,2230.837296963034,152.3915873839521,192.73842824166,96.63942043083858,9.94653163760215
(57,),20.14566503361762,-4.022626387408366,1.570939449866807,-0.6284879110994179,0.7723473521834343,-0.1357092851322132,0.942431357263096,0.3611543654600844,1.1378666091506,0.7903995540030184,1.331203967184642,1.167692774734051,1.520929638974969,1.511567713070968,1.709170109048699,1.834908184251005,1.898750707943837,2.147259094720584,2.093076021298729,2.457029745453058,2.296394730322834,2.772769635050877,2.513777319542894,3.103715569500518,2.75154304494761,3.460362666164346,3.01758336966522,3.855315749850115,3.32196469403963,4.304478031402148,3.678015855612516,4.828855320895661,4.103909131245053,5.457362044102968,4.625619401179629,6.23165498936986,5.281434875770611,7.214413120024489,6.130476723693385,8.504802722442205,7.268498041099108,10.26870444578492,8.860245854934341,12.80403600228402,11.20984705595815,16.6998160814437,14.92200693816584,23.32297475558346,21.17335104298731,37.13949349388878,29.96405134453029,85.0528570083367,-4.148828696660868,444.5063197406664,-811.3094766871529,4425.773328053967,-8540.607941650627,4442.629383705659,-794.8067521347754,471.4094911163847,-38.1914133825971
(58,),23.41044541643524,-4.892721228954255,1.67818144122845,-0.9236015179783797,0.7325710081678904,-0.3670583326551462,0.9250844294357794,0.1985135579656809,1.14677223878966,0.6866685029267314,1.365126000576878,1.114084437420796,1.577881881194431,1.501335437881827,1.787186957699942,1.862549596766296,1.995884409817973,2.208047354599012,2.207404505023873,2.546801308866177,2.425924602610118,2.887615900020939,2.656582519888116,3.23978376702567,2.905580640175246,3.613681509368834,3.180409005237621,4.021522996268443,3.4905261431549,4.47821755718485,3.848144277137332,5.002969935111818,4.269769484544978,5.62164754304264,4.778206464976081,6.370613902163051,5.406564040338396,7.303262138597854,6.204424825489687,8.501708818434775,7.250086045025073,10.09881325789921,8.67344124452112,12.32354524472128,10.70487472734876,15.6015375275991,13.78833741317328,20.8058613227436,18.88303923019122,29.96456645836315,28.50423877441406,48.42527892465807,52.77407166870136,89.40489030395604,182.2100422914692,149.7085021295966,2239.974989298711,-5616.936335937031,2271.30196331038,208.5553165168896,67.01462225495378
(59,),28.02393145084756,-6.253187249037535,1.84007700551514,-1.382979683579522,0.69024072143913,-0.7202496027845626,0.9243328114319124,-0.04346277405363352,1.192332777759595,0.5396910671858528,1.454348000299006,1.047759055080713,1.707391867747242,1.504524143176574,1.953897580358999,1.926303348705823,2.196940940393214,2.324899904081512,2.440295134433425,2.710310357485642,2.688536970553501,3.092110982501228,2.947163115261276,3.480268937715014,3.222529222802826,3.885537117615518,3.522341784616015,4.320048034830468,3.85607461188205,4.798239720814054,4.23567783251103,5.33819463049227,4.676849418637957,5.963618339271848,5.200834048152676,6.706919309443557,5.837756830957812,7.614453386842176,6.631671551157684,8.755486640499484,7.650048517528379,10.23885856360191,9.00118989252654,12.24547198480374,10.86978438980236,15.0982814238762,13.59372981363965,19.43238660061221,17.84014968243196,26.7119470058531,24.91495552193116,41.65231881729364,35.12246402197043,91.99961097430648,3.749295166731365,459.2429720921861,-799.2842158246883,4479.278974460752,-8556.963124046653,4606.34596181551,-669.592767265517
(60,),30.67132375870429,-7.456768339521725,1.594148716555082,-2.063621056408054,0.3863080820926319,-1.264135122751172,0.6843820039586177,-0.4661641279851043,1.008509714931293,0.2149782607024928,1.316971773927106,0.8016216493889239,1.607984843360202,1.321465555426756,1.885083337527772,1.793455161794372,2.152124821159325,2.230952598155729,2.41337166732875,2.644947770074986,2.673656029638261,3.045639152709372,2.93842757631677,3.44306277880322,3.213907302912544,3.847513714951682,3.507266223830574,4.270096386057978,3.82682313509598,4.723435448632321,4.18277790328519,5.222470360041748,4.588004954401318,5.785906238666859,5.059560500355918,6.438296340982379,5.620630909954055,7.213391846631371,6.304292356472482,8.159741809881496,7.159351461308721,9.35067289843435,8.261771914381091,10.90307479152708,9.736005833410317,13.01665673538447,11.80085066035466,16.06331866158887,14.87723287228026,20.82191097535424,19.88550882021828,29.1968245459167,29.3283707507412,46.7187005478687,53.92219100059329,90.26335113682607,192.6600001207793,193.874005149136,2380.955980325028,-4924.886701318977,1630.549081272166
(61,),47.59792962084755,-12.58461212863713,2.865904032617923,-3.288663020199586,0.8047436680591282,-2.152005339028104,1.238108691054338,-0.9732059051402296,1.730589164322598,0.04070405926221454,2.207197464013282,0.9154206273848402,2.662198093439689,1.688774250679186,3.099058632659885,2.386803233626414,3.523085677624438,3.0283485541271,3.940551119281724,3.629156005222697,4.359090578443471,4.203650090970145,4.787471182869018,4.765673674764985,5.235604169865513,5.329114823164958,5.714656832986117,5.908145987901393,6.237888787038279,6.517818000651287,6.821173148793576,7.175047959766088,7.484285958094245,7.89944634823085,8.252572425922782,8.7146467763233,9.159536517717925,9.649646585610432,10.25066422428375,10.74047330498195,11.58926594883986,12.03096264200459,13.2651402006874,13.5708601569194,15.40850985689659,15.40218980936023,18.20987408380578,17.51019645403446,21.94314794013044,19.65793523769483,26.94604091172942,20.90600397478125,33.04279030036716,19.29780273752328,31.74848338906686,31.43773614794497,-102.176233389312,464.8387074908412,-1919.518692840192,6749.608625689732,-5716.286052449982
