index,1,2,3,4,5,6,7,8,9,10,11,12,13,14,15,16,17,18,19,20
(1,),0.1401542610972883,0.1052086168585179,-0.09854497704434306,0.4920418177810176,0.02480266910399531,0.3298602570706356,0.4336256127511493,-0.0568644075190492,-0.08651141364226178,-0.7027218672325153,0.09016819440189816,0.8292554316419063,0.1630825164524574,0.0187963199023421,-0.1804826466760386,0.4720432218717563,-0.1417897171758334,-0.3707182075128284,-0.4517934153357778,0.119676729558903
(2,),-0.5412272172721907,0.2601197331067802,-0.1107672497591721,0.07758178912513869,0.1870354264417172,-0.4162993966117262,0.0726751234609758,0.2803766127646777,0.7481742547810741,-0.3413269738718706,-0.2781191189784956,0.357388774380341,0.1822410008175978,-0.08554734860054533,0.132375067980571,0.6171172563196596,-0.1342434775175503,0.5053791703826849,-0.7318878978058209,0.1718285727318301
(3,),-0.09976143493257078,-0.4347686868294942,-0.2002616006759021,-0.1454637056207517,-0.4052816409023329,-0.8530159270176656,0.5595845260764509,-0.7760199233395134,0.05473317067949779,-0.0708283873144604,-0.4955368601048298,0.3366950580927823,0.2962441302457801,0.2050188001418875,0.08216689206276251,-0.03648452716159734,-0.4547890034957658,-0.2816683816732412,-0.1871116196025819,-0.3048493487210974
(4,),-0.6653720660684768,0.2181005177686826,-0.8028385434457739,0.1660148732050843,-0.7392804193139552,0.3963215268324522,-0.8469629361229043,0.1426130134672279,0.1550858523274385,-0.2678176483382235,-0.6287599596687772,0.7847699566734708,0.3857799330518698,-0.2023522790920692,-0.07794706971701615,0.1598377950275392,-0.2732421772579001,0.1046778367307949,0.05741958342167115,0.4393331281782216
(5,),0.7092800468869043,-0.1992595821534598,-0.04955714454465765,0.8254690697685978,-0.04474535588997264,-0.2609474585468717,-0.2620930666249862,0.1392858921520556,-0.6853725043401405,-0.05086485151544129,0.6481120026431886,0.046166878370864,0.04482008440205393,-0.3795253978574415,0.2545622898723228,0.3278963256732431,0.203982814763935,-0.3796540186931961,0.2097686715925366,0.10423618426147
(6,),0.0845224302669133,-0.01799287984723849,-0.02989042053401703,0.301693182218092,0.4029007527392652,-0.410230539749861,0.8268282224077954,-0.06258599629517891,0.3365504794290801,-0.1689377636580118,-0.08860918427342312,0.5297865689986968,-0.4312668894015718,0.1226661410013259,0.5025992516025591,-0.06089888383505235,-0.5285890765152095,0.5782617519854772,-0.479227185316436,-0.1236023699035405
(7,),0.1822231153930188,-0.7308709200259453,-0.1618905371411715,0.6614919767419521,0.4334499008585184,-0.2292310651944313,0.09252490991712164,-0.09171350988036275,0.1673222557866895,0.2480277449465786,0.1591106860098633,0.2764186379504184,0.1317424234501873,-0.2504334501236949,0.2325113633350548,-0.5873091916084304,0.2685074858172709,0.06261639363680926,-0.1423552066857444,-0.09530887912628372
(8,),-0.341960926752122,-0.1838142469773129,0.2167231808408951,-0.7289593171558049,-0.723532318232388,-0.06214570865921476,-0.2247885819439301,-0.05125664714509792,0.384279462690237,0.3493511931389832,-0.583316459986477,-0.9018650457093905,0.04423594945894108,0.4571356240471099,-0.05601945932470409,-0.3981638702881639,0.1617923011805418,-0.05948520007931207,-0.5696255774745688,0.4188442371416261
(9,),0.1921830152057092,0.3613175906092911,-0.3250522217330516,0.0642185117444023,-0.5018179143205084,0.3183166058254442,-0.01075255868305286,-0.1291555587456397,0.4626007531657408,-0.6031839358663355,-0.4380171166270255,0.8105656396498835,0.1601868734267083,-0.5812486131322858,0.06514248215459228,-0.3076685131941346,-0.03068504418200202,0.5080549199557107,-0.7331462518456656,0.3957507548283504
(10,),0.02445597733081473,-0.3823544955194605,-0.4013301961211346,0.2374517892111441,-0.1446521118216216,0.1969751477731598,0.5753736648383317,0.07649015240611401,-0.7688069079437756,-0.8527740643846242,0.5312892544017311,-0.3807643175586933,-0.175257988743877,0.1196189416334219,-0.5917813663294613,-0.05087997629135044,0.3675766957311359,-0.5642346222500072,-0.6490173781356018,-0.4481904579031945
(11,),-0.225770322633575,0.1125397992396459,-0.2214023712061916,-0.0903163616659759,0.06936247785081535,-0.05700362970574147,0.1491569383830029,0.3429769797665801,0.08723228078919626,-0.2835787820331416,-0.5211995880209583,0.1712930994238635,-0.4872258358164598,0.5509033119626061,0.05656960126121041,0.1888498607363829,-0.4830667905741275,-0.3528069033007978,-0.09659909921803744,-0.7882103034581768
(12,),0.3559040230187629,0.6827280633751303,0.5083847991984688,-0.03068507313589841,0.3139096859870788,-0.4310044638422956,-0.01154341204728582,0.07456201327938167,0.2099754216028432,0.7816487414255511,-0.6726945140514966,-0.06966882232038096,-0.2771400957834045,0.03531586009668898,0.00959452296355523,0.3022872781123169,0.2048540570780514,0.1147173406281147,0.3612261508289229,-0.4272946908262386
(13,),-0.1926275158099217,-0.3435965070305336,0.09226563322533998,0.06679015422099033,-0.2523871320427255,-0.41925758021746,0.3928440986385534,-0.3727234618524101,0.2706729398068973,0.7265249314766365,-0.4423725227950095,-0.3336735287289306,-0.2604885974123761,0.09395102797484678,-0.07612220095161612,-0.5180937569196771,-0.07692239001640933,-0.009118658687656378,-0.1039712843225298,0.5998157444008458
(14,),-0.1495289284689434,0.2989055062582054,-0.02941218576011745,-0.2116281657249355,-0.5592047749715057,0.4494688347824104,-0.06367215485347774,-0.4193832235936276,-0.1482496056244273,0.538487022161614,-0.8419702243597705,-0.6780828241125209,0.5374745927629233,0.1143720716510526,0.421889793738715,-0.1665436579296498,-0.2624134360428624,0.7292518481968452,-0.0830600236704892,0.2721833946047171
(15,),-0.4508080370163562,-0.5950156202896185,-0.7043268073743323,-0.8149920959181787,-0.04752408230259531,-0.05086463002022612,0.5989856721505544,-0.1604460629850926,0.8258383466362121,0.08390256597224222,-0.5482098844124941,0.2868245642132912,0.5214150186636262,-0.8451656246134679,0.6602915500086499,-0.8890189277533402,0.2559750807489151,-0.1347073361017062,-0.2019569170770194,-0.04446367109299562
(16,),-0.2242555716496537,-0.1931295186832219,0.1672685407375491,0.4248056057264035,0.223878006768073,-0.3905663874706529,0.05247929927469785,0.06337351245524092,0.4140597942158404,0.4115168411094921,0.2162046844856998,-0.04916809379805243,0.06221118247040941,-0.9645079402162684,-0.6088540159006999,-0.6034492611408973,-0.355451116899656,0.4395261177764052,0.04238798604726823,-0.7834190978287047
(17,),0.3440760104337365,-0.04935093236673982,-0.1089967066539279,-0.2425054859647398,0.2260724118546911,-0.2125508840167906,-0.1231626141890556,-0.3805620931676861,-0.6806123145602627,0.6719429757945097,0.02698951645836012,-0.06665758103736683,0.5498090145819812,-0.006631312694618252,-0.02686212663914944,-0.2021642478567378,-0.3266029219350913,-0.4205813488510093,-0.689578576939424,-0.2223991976471673
(18,),0.05467346846417709,-0.4744974397247404,-0.3477591156286705,-0.2311911301195463,-0.07865422498640617,-0.3448241110752909,-0.3394356865439372,-0.2622920506882338,-0.3594715256416202,-0.2917860301362339,0.2809139401087985,0.5501802656610439,-0.6969257661727609,-0.5195328783538578,-0.03257023249698743,0.6245960348845101,0.5605071997940858,-0.2302774318700458,-0.1006366896147689,0.04754552616227137
(19,),-0.827131065207613,0.3200287479439968,-0.7696465654021628,0.1848207859940566,0.3058662832531769,0.02673413807345826,-0.1969949480869103,-0.386589539971931,0.3692862113984305,0.6587491395940039,-0.1585389994670591,0.2543634223435955,0.2129648143008472,-0.2893930818566701,-0.260947707760502,0.01477286617946409,-0.2388373765971097,-0.5219207667577361,-0.832874342878804,0.3279816464763697
(20,),-0.1133631119670261,-0.2828745740148992,-0.2282790139800238,-0.3007505100976343,-0.07911519391028254,0.7557142633869276,-0.638716874908644,0.3842052747044576,-0.4382565702380562,-0.273208071069291,0.03844423817162335,-0.4684124191267632,0.5353015335583312,0.0001375007469984757,0.4335631474765657,-0.001780613784470475,0.3468286463136683,-0.1992374594696575,0.07434136633340996,0.04578135886526252
(21,),-0.2411095976517829,-0.02605460526712389,0.07796134027788823,-0.4021485792712728,0.4936433052595712,-0.4693157608429631,0.5147667416786461,-0.2901179565972719,0.3081446192808085,-0.6727218311653049,-0.09347831495901227,-0.2640238998956378,0.0571761186430142,0.08219804982128859,0.1745995459826191,-0.4462994176082616,0.5273208044752389,0.5981628632258609,0.5228594049322817,0.9004315630029633
(22,),-0.5839498661613649,-0.5879497596433896,0.08848405218148692,-0.004943842600128701,-0.4162633026102023,0.2772664835349978,0.720190591189589,-0.8927579821881673,-0.4575530622355605,-0.2695268162852447,-0.5256033652655355,0.1012445097813702,0.1976753596228785,-0.4307325771542855,-0.4440898863239503,-0.8718478092041138,0.1076937508627792,-0.1979789770570861,0.2939512564135197,-0.3863280229715811
(23,),-0.3282024962937146,-0.7476246516964127,0.300531015436907,0.01609474185338197,-0.09522236786634908,0.2411793459444836,0.1442035483523897,-0.3758918252025433,0.4496815740629225,-0.01805144023040312,0.03630732616236299,-0.4284511616395614,-0.1080815593662292,-0.5486333432392739,0.04978123934812673,0.09978807580659832,0.5102050580186286,0.1749018162240822,-0.218211355088755,-0.1209776459915586
(24,),0.0393750379291905,0.6252503610173442,0.1174183663328573,0.5589830768446555,-0.04441247503671491,0.4241318323746524,-0.6620613754160841,0.2811016558474337,0.6990848390590026,0.6392162070834547,0.1186150060023487,0.3629484153836249,-0.1534461004010885,-0.8731103603048856,-0.1718528530950319,0.4794052498013644,-0.8239221888082972,-0.1515365497620089,-0.1331566191373791,0.8166593606074255
(25,),0.07215348742476158,-0.365307168883492,-0.4278191587884627,-0.4807726713427256,-0.5841301110763621,-0.1127105101641026,0.003182624761092726,-0.01322975201010756,-0.5288917431200452,-0.06972506826931435,-0.3778270572551745,0.5196627448444238,0.1511986854908881,-0.9550342060769883,0.2390253937053949,-0.9252337118852776,-0.4388661784114043,-0.2947697288879851,-0.7839969767297652,-0.06682598274517548
(26,),0.5189302244113839,-0.04441785935711975,-0.2767418151127194,-0.1760744915586159,-0.01680386720069954,-0.3397823173485284,0.4922567834548751,0.3497258971276053,-0.1620527963725525,-0.3524388037685423,-0.008771327267533824,0.6219390678098976,-0.508982916117536,0.7562979134790239,-0.2887327999392488,-0.04624062801942991,0.1971380935795343,-0.7507363732015523,-0.3097044445609629,-0.4301523004943146
(27,),0.5200091892366028,0.93670533598692,-0.0277004007081384,0.5421311536735633,0.1133262398286621,0.4283091013096167,-0.5497922240934893,0.1667581479191071,0.4623951636025884,-0.03452053164321967,0.1740971696423799,-0.6438093959083814,-0.2381772840867105,0.6788571366033399,0.3303734181477216,-0.1943472282518393,0.1854766340643699,-0.3395146412896034,-0.2449560311993439,0.3597007328433204
(28,),0.3844299156696657,-0.2019361181378289,-0.03307168596750532,0.5728645253792515,0.5785424099133304,-0.5936096116050379,0.2743758657426154,0.2490140603758548,0.329824044733767,-0.267658211519342,-0.152355145726909,-0.2647391370543219,-0.05316545780324966,0.343556512391213,0.03526396553770975,0.2961879108701558,0.2064481239912455,0.6671824353934197,0.1773841634146212,-0.2622018601964673
(29,),-0.172618954338452,0.2712374488941012,-0.5187162128928074,-0.5733284573355075,0.1120252104608198,0.6721601607761314,0.343758415616978,0.4789820530218182,-0.5213229325268136,0.1150964171014579,0.4803502269981397,0.1455619116826423,-0.08950666104409755,-0.2420109021603415,0.3100909977183606,-0.3352122131866785,0.4454210606577645,-0.34135812968127,-0.09997866552789791,-0.3648279377217357
(30,),0.1654280045279982,0.6925828324685996,-0.8577305267794775,0.8156831453096166,0.3830760879362404,0.09212204790613682,0.2471034146361714,0.4633686776279724,-0.1005499646402839,-0.6006038575852457,-0.3816264842292963,-0.155646840414029,0.1347405530401272,0.3767757880665252,0.08646546170712949,0.02898873652120038,0.3676450539031807,-0.3056986328819518,-0.09175593723339254,-0.6811326898268046
(31,),-0.03155605247809988,0.07186502137314564,-0.813666204047608,0.385459796061407,0.7999137988068136,-0.6013061079641416,0.8816826694183342,-0.07663090151521035,0.2075462031874281,-0.313633302806997,0.4337173811420321,0.2824439372446605,0.09073220242492175,-0.08285044124466057,-0.6715204675750245,-0.00494485196450356,0.3874479005102947,-0.8381968115522882,-0.4884602494411281,-0.160896656845963
(32,),-0.5004197981239167,-0.2445640219663314,-0.07680351745782726,0.01839302809061027,-0.1440383363964808,-0.02180813685840194,0.6884009518931273,0.467884650881354,-0.6099225172365698,0.1470983644241423,0.3956826848816232,-0.3239708010959265,-0.401447188488168,-0.01354650521029982,0.7441656346017478,-0.3038069134426145,0.5314608510560905,0.1916119871366496,0.03265052320686929,-0.003128415535194717
(33,),-0.02385149492987326,0.1093825318523121,0.0767852923880602,0.01407032394385876,0.9168768723182432,0.394135260032357,0.113560500213073,-0.1557493274092325,0.4850423187913439,0.02024356221267737,0.6450191652610957,-0.01377088776667212,-0.6454105349272639,-0.7735957308957394,-0.3343651444061472,0.1442336901702371,-0.5990041746812009,0.5818179298644311,0.5193073018006047,0.4731623829530455
(34,),-0.53967176585008,-0.1931342450281138,0.8082958208015337,-0.05925842986603402,-0.3997074812485391,-0.6925725064936432,0.1035217047046958,-0.680060803651186,0.2763402055969038,0.1623942230243643,-0.09225448062074681,0.4505203426458299,-0.002861985659975169,0.1610275206255716,-0.3049016708389252,-0.1173281049143179,-0.2485699804203649,-0.09340097277790699,0.08079555489411192,0.5430463897500908
(35,),-0.05363391595678123,-0.514741239786449,-0.4102989284031789,-0.3412782991125202,0.5090740728089146,0.6486027989174628,-0.4443257361217038,0.5390243672204942,-0.3273761539888838,0.1570388719530261,0.3014363543751267,0.1253563086696294,-0.6059773090374241,-0.4067317051856376,0.2963114283135157,0.667388534761789,-0.4745844520764533,-0.5137296554243316,-0.6044545612932866,-0.1817788446693555
(36,),0.8986615606985114,-0.4782232485348829,0.1618088670457173,0.2679033348558604,0.4805274369242771,-0.07510894627104625,0.4128445252071847,-0.4929271139495259,-0.4853194119990307,0.4544497864388845,0.1649316667582938,0.7726738064551905,0.04172908197370118,0.6829288831470638,0.05459736534698112,-0.1245757604925877,0.9155235298285567,0.01982330706384258,-0.2125603616056735,0.6624547081006162
(37,),0.2096184395547773,0.5352049495364454,0.003419554841399206,-0.2904117362352128,0.1678110024540654,-0.3890499059182666,0.3401818961227295,0.1572155630927129,-0.627011574120294,0.3203076681670849,-0.624339820600291,-0.5740456883888458,0.1776700726613842,0.2375930102867135,0.323449576157345,-0.43380070222761,-0.2435197470852395,-0.5621090436880303,-0.02077773391465457,-0.2331498344609775
(38,),-0.03414152755371508,0.1431548116680916,0.2247519824960356,0.399035591482228,-0.2005739289656187,-0.5343757536385051,-0.3707823186804878,-0.3766614898543167,0.2839763385051486,-0.01308485520627939,0.03267847765356391,-0.3992832041821754,0.2453291010353481,0.03031704931346979,0.7602644735727645,-0.3742457556349021,-0.02121291196958697,0.5569479297562367,-0.07033616536095155,0.4771766358670168
(39,),-0.380241573165454,0.1387761882974027,0.09133882390911718,0.1797690963871711,-0.1122457038607302,0.807784800350141,0.1943336572705059,0.4544099762677531,0.6722424001939873,0.1454944201394095,0.05520930711489985,-0.4443882730967688,-0.0731576476153733,0.1309668991408226,0.3277724013830196,-0.4658396232758701,0.4249223202607257,-0.3188698880781108,0.6061620203435212,-0.1300743743649561
(40,),0.1364326440417002,-0.3197087469007204,0.1348755129234076,-0.07034528173413357,-0.3981115850007504,0.004854918580028372,-0.4370282140248996,0.4185717799422333,-0.7801719942585861,-0.05487809235840002,-0.7428088546912169,-0.03438921839914522,-0.4592317912385825,0.2661098757661426,-0.5477948800833097,0.3908966056226082,0.1233247142372377,0.6523796116032187,-0.1483898516664743,0.4790902128428076
(41,),0.1520206920290931,0.03238242879427267,-0.317619927064178,0.7838071373948574,0.2104316370183396,0.1466755792994819,0.00207105966118637,0.1015690790721027,-0.3690896668488388,0.1355764192527729,0.5397756114347876,-0.2577337545477173,-0.7130230398501239,-0.4306947070551814,-0.3885256351061427,0.3473604121963674,0.2822130885848444,-0.2892722260241857,0.3665470782430297,-0.5459914550380608
(42,),0.3730503053136112,0.2476785099549872,-0.6929134295341504,0.4700860782924753,0.1358017136529721,-0.03398314117159584,0.2489421432310118,0.02460975187571046,-0.04934559995701765,0.1571511778993724,-0.2806490453283739,-0.4955123481436067,-0.4533976745934811,0.622000263194513,-0.4112675666117919,0.06767727296492587,-0.2606773717284865,0.1997042973950197,0.05981445567289373,-0.5578166128510715
(43,),0.2644930259190714,0.2294394458387004,0.2843795732659804,-0.6324626057948461,0.2520602494622126,-0.4227898470429743,-0.637297539082615,-0.5199527544615923,0.03674585886025072,-0.1702675633942372,0.420858592124041,0.5718224034217241,-0.5810013355638249,-0.618258375544776,-0.8350694219693702,0.2860804056830858,0.2031406082533238,0.0546032864982835,-0.4789313412859077,-0.2973008443335722
(44,),0.3929116689370579,0.3332405388996097,0.2633723241372207,0.03258267896045253,-0.04363855921026483,0.2010856867482003,-0.2111578564477041,-0.307690865206088,0.2351899598870123,-0.3939002577555651,0.2095620986713507,-0.3872878009430443,-0.1386338743158644,0.0857482670879734,0.5013353002967216,-0.5439819721154024,0.04365745719122538,-0.3183769436769126,-0.3467813294379513,-0.5130008246722989
(45,),0.05482775252422362,-0.2264050071647644,0.2704070157694529,0.1227807866266593,0.5025816756090437,-0.2703900404572548,-0.524094949277225,-0.1563819703638487,-0.04054471076832121,0.3399515142812775,-0.1584506099523778,0.5147343529886798,-0.5031161526584926,0.1029252613182403,-0.5326569138642335,-0.1830867904115634,-0.1427330612722596,-0.5074120507063697,0.4981164159936494,0.01961739435173893
(46,),-0.01426521512290455,-0.2919491687679849,0.4834356744985019,0.6862415234911777,-0.04886530292915747,0.2190607824755862,0.4430487923286004,0.237505502517445,-0.03443462651626505,-0.09547816827355929,0.01575265780689195,-0.7860140330838072,-0.2906945238756862,0.1775780782017441,0.2883073891408932,-0.2786200239955727,-0.1624723887838319,-0.8774917440219632,0.3821483320442102,0.4004693096866264
(47,),-0.174667069883698,-0.4451057608365238,-0.5999605996557882,0.1706274611222747,-0.233312075461754,0.5240384327202559,0.057077461904952,0.5096501892990029,0.211784607693251,0.5891148868016163,-0.7492370548657095,-0.250521550909789,0.1841051735378764,-0.01909617186733237,0.6797397198464412,-0.5208076242100582,0.2718263526006224,-0.2278037386653421,-0.2776912082287161,0.350996638477941
(48,),0.03381931984918718,0.3643275878768898,-0.3850508072139343,0.5531468247091125,0.5253224674634143,-0.5392184108149499,0.246703561965985,0.3341878164878375,-0.2117488287613275,0.6835486862774811,-0.6146581172691663,-0.130651622141479,-0.3250294710926546,-0.1074438619776339,0.007627769205530321,-0.4364083670276558,-0.2815015186379088,-0.1049209858650476,0.2290961125486434,0.1162186190913994
(49,),0.7040729834178168,0.3944317582432776,-0.02351154759112395,-0.3882154546077338,-0.00555693131776136,-0.1035118718817675,-0.1232415669131456,0.02340990315304581,-0.1599383561302131,0.2394102617988264,-0.02826025439507762,0.2117071346227766,0.3916338288777234,0.5890164863045113,0.4011571110413459,-0.02043098318010131,-0.5723028092964506,-0.2699851825373185,0.4196808531748674,-0.1349500677547837
(50,),-0.2527024462236722,0.1155683964547291,-0.00783367427738027,-0.1656886145864128,-0.2546549984124908,0.529971423006028,0.1475523257567505,0.4123973167493524,-0.2079394495645054,0.5270504665883485,0.4753864455424361,-0.1750605283730231,0.5609234270625769,-0.3673442662616415,-0.5403334001674023,-0.7260333267543253,0.5683249715978306,-0.04270154337740273,-0.4095334436775949,-0.25327554015549
(51,),-0.2277899510797189,-0.4797387943537769,0.2750951316369656,-0.483500651015096,-0.1818910440238028,-0.432531849595576,-0.2606392453115268,-0.2147004502755107,-0.8911011418026812,0.316045027178061,0.435539933970945,-0.6696373118054635,0.08347558588825543,-0.04755800214277545,-0.3250277997436158,0.3452055469566561,0.2153291531938263,-0.1568916410672081,0.5863626927394129,-0.2687880893109408
(52,),-0.2639584530569484,-0.03901158248376707,0.1054335129784941,-0.7956659919458843,-0.04250110963062941,-0.3636404561270982,-0.6082265599766095,-0.3398794054751592,0.2130307978370453,-0.8602004093944576,-0.1457806450078187,0.03542283243070043,-0.8179673611470168,0.08977690822951978,-0.6730138765064254,0.2411504786376712,-0.06664422828153482,-0.2743970144652591,-0.3944959082830277,-0.7012979224968254
(53,),-0.8033642534351744,0.008218429335106192,-0.3803687472942101,-0.1455211348669973,-0.1973933120186078,0.1254721490262961,-0.2482879012527673,0.6091434548553165,0.2599360613647369,-0.2308884686060915,0.6031724127390011,0.2960998339013362,0.015424316803613,0.0008100488876040535,0.4075551124559973,-0.6240882808301728,0.8709650427304974,-0.6173120066348299,-0.04139851623540244,0.009434765360948782
(54,),0.5184717826775445,0.2612186045526347,-0.02508086341922144,0.1456084752899773,0.376964343358197,-0.3343116697485228,0.3937026148181955,-0.5407920643884627,0.4014044415135888,-0.4469554166462491,-0.4874497441321827,0.4272158066369994,-0.2037531810605095,0.05199886093038732,-0.5125538078165915,-0.7303542949070291,-0.6419237083270081,0.2010495256754363,-0.464981930670884,-0.4101616112763635
(55,),-0.5020661386220449,0.3014623893276928,-0.3445289292007181,-0.6120409780437199,0.1408595037981616,0.7990580424343277,-0.1562180400245268,0.5280585831509239,0.1295181931238832,0.3044024355660305,0.01536803792315777,0.5226186880165189,0.1102710287145598,0.08563364154430408,0.2343776941635775,-0.3555671436627002,-0.01964037360659787,0.5269021807156229,-0.1337723312507204,-0.1217991867429657
(56,),0.3106287179463993,-0.06852597522756987,0.3973628638802289,0.7487245260243758,0.5738903256996967,-0.1287155246305779,-0.8832790288844583,-0.9566336126345035,0.1873891513545056,0.4193447031413139,-0.4111640994492415,-0.40820874107809,-0.0990113092801117,0.2348320060046831,0.5512321140919209,0.1533885953776523,0.6417179391403325,0.4240292724715634,0.01733745787766777,-0.1039843350933289
(57,),0.03635152495133026,-0.08581988842113386,0.7234153133779182,-0.5761237111538245,0.3644052328640657,0.4129663038431351,0.171639467614589,0.3135579318026634,0.3820025994593008,0.2102347008081292,-0.05142448322955651,0.1633876912395013,0.1204256943643075,-0.6318109174420428,-0.7703646360689711,0.1216339636474721,-0.4372846027002901,-0.8349161000041498,0.3063296669864272,-0.1144199431427592
(58,),-0.1515895981523714,-0.768202547438736,0.2442872890451594,-0.5420558550292223,-0.8280708107373467,-0.1312118359562939,0.4726489627837205,0.1208694865827799,-0.0687437188149404,0.003902451325367595,0.2520897152172887,0.2507345058942582,0.01255009526882256,-0.09660023135362539,-0.0381954281518388,0.561934231558549,-0.8067958316757321,-0.06519376984215275,0.4620615341542558,0.1501865590229427
(59,),0.06482418922084843,-0.307238034906251,0.1860262266928837,0.4935115720591676,-0.1969513834413079,0.08227025598189897,0.268058931779404,0.4163005440872412,0.4087098631989427,0.5382975670848247,-0.08377233698026876,0.7247924358737281,-0.117145996447962,-0.06560621927398469,0.1243456866485203,-0.1693700225301951,-0.1602651038763437,-0.2396096427764185,-0.1215615797290105,-0.3050208808020431
(60,),-0.7588546100398406,0.235363713250145,-0.1136299219956369,-0.1616077086782501,0.1811764457503591,0.5239555685100423,-0.05353088932186056,-0.1451659271599178,0.8052052105118239,0.3511110299804437,-0.4144067762075569,0.1967230243494791,0.2780442573002124,0.668178121064737,0.1012548795529866,-0.3263730691835032,0.5419758521967875,-0.6696982763318526,-0.06828495507741739,-0.7056754486811405
(61,),-0.147464197752239,0.462051432576055,0.3740703119814864,0.5771424697353524,0.09249240218696675,-0.1040946441450118,-0.3081529454013608,-0.2701500681928432,0.3930300230238061,0.639103305673494,0.5284400505057155,0.5810674773571055,0.8561285234393408,0.1054092538377065,-0.677226390927034,0.5718329273412489,0.6562748691661271,-0.1575146162133422,0.227563259844805,0.2626814342537142
(62,),0.05027473846913208,-0.1840898193884359,0.5507886096728026,0.4679379187659433,-0.6490988491936894,-0.3282042934724939,-0.6999992163513584,-0.3285852113976222,0.6506497955696089,0.3711251717590427,0.05834183305630403,-0.1862359317010623,0.1042888168154989,-0.135809884016804,0.3325487095219769,0.2670192088344706,0.4912832707245938,-0.03760754125702748,-0.075992133268182,-0.3330434155148983
(63,),-0.09232174828395578,0.1362362200191617,-0.6252913317742356,-0.6533220128653507,0.4648833978842231,0.6983038884161215,-0.5304391675733062,-0.3597182307155838,0.5908000195388123,0.2683778539308552,0.4075077533191511,0.1063183741331192,0.5826890668540927,0.4854953996613092,-0.4677476484878758,-0.2232827653049251,-0.1469930407106079,-0.2076642205987567,-0.5858482430179691,-0.3335544444578221
(64,),-0.4668817030602095,0.06769316450890017,-0.2818246924856694,-0.2240775354063682,0.1897206479112801,-0.133206609185712,0.05118041784505167,0.901281050505387,-0.2209879433312221,0.1770014933565207,0.08471676313262311,-0.4048291818121319,0.1141377897982677,0.2656340347902394,0.08595769277288157,-0.1636756569035541,0.3232667693535611,0.3321733058528165,-0.581421555530003,0.01775002975187268
(65,),-0.1751762172686513,-0.8839556094082022,-0.02399893247965412,0.7086970137594497,0.02705856753707692,-0.3490318133510765,-0.4895776506721814,0.3226609831472185,-0.8015018138194808,-0.3842952975300585,0.7915107491630143,-0.171707264298792,0.01277052361075097,-0.6794697126449618,0.445563400913804,-0.8208296995201732,-0.1298706475494492,0.349075474599718,-0.01423140012243918,-0.3620587812322706
(66,),0.3618211998838292,-0.2738638404987905,-0.09629703486422292,0.02356069887020495,-0.2033067943477735,-0.1412323238355925,-0.07909117868229315,-0.0008876942506845231,0.4044366904803786,0.3016497916739752,0.5744085138855155,0.1276066791177878,0.03607397980818039,0.02245947452000796,0.04722020760829398,-0.4457090341986945,-0.3569739367818051,-0.5183325401112209,0.1229637331176826,0.5775692222860467
(67,),-0.8254201853383694,-0.4506497821885793,-0.1742729139769044,-0.2027660654469576,-0.3074484507209312,-0.7113263354285243,-0.1046206876205693,-0.829742350323079,-0.02331836493143369,-0.1260939373205472,0.7458576227251205,0.4782675254890153,0.3916461827394476,-0.211971355540812,-0.1016353858661277,0.01322709469823657,0.8141151238152623,-0.6192280747956318,0.2733443993511866,-0.447242624591795
(68,),-0.7255857088098995,0.07501435203413201,0.2058579396668777,0.4277431613483512,0.02941088699718419,-0.8821351975596364,-0.1792215339985193,0.1080527496370542,-0.6087773362337388,0.2555961586393756,0.1655385150643474,0.1580450216083549,0.1986868426714807,0.36466693743041,0.1702764369207024,0.8416182021522645,0.2019814206338984,-0.4323442795877052,0.5900139105594834,-0.01968747985481412
(69,),0.3944672756141648,0.9610467955237239,0.4751386346909816,0.3191887202143833,-0.3396648180590629,0.6913469379239977,0.1318714850361057,-0.09768167841476039,0.2878933146854292,-0.6260000432998757,0.3154712003513959,-0.5691009073822418,-0.2585279270033921,-0.1581106481510491,-0.2532359448554018,-0.1836256600630092,-0.1199522740227619,0.3419798215976492,0.07932681972751482,-0.1289234921637696
(70,),-0.1107259695234304,-0.662701319918416,0.4683683833254605,-0.6099436341605433,-0.13228435752122,-0.2804534388502474,0.1333222407621138,0.2231047176874794,0.1394929005300487,0.438903874531327,0.4170242927404581,0.01128142005446608,0.4349623888408382,-0.1888931937956251,-0.7919146617022378,-0.2173752941458803,-0.1179309402583841,0.1180266240060798,-0.394907751902536,-0.1511031857127026
(71,),-0.1202420878137284,-0.4010747160446217,0.487076525500945,-0.2960241051688011,0.03059288731361837,-0.1535850530230303,-0.6957575611675961,0.5665724303077604,-0.04915101041092168,-0.2701108265277654,-0.06564440925255755,-0.3778840096846753,-0.06045158675423873,-0.4065753369160862,-0.2397822132040831,0.4266163536443605,-0.003204686866387196,0.2452815554422383,0.5458593066459789,-0.3282963986513488
(72,),0.3444359253969624,-0.5541244014431455,0.8430757019706981,0.4496493951774057,-0.280178389378012,-0.6672361664743294,-0.2070726075531457,0.180777143774052,0.7609939280984295,-0.0543221495129993,0.2838288675333209,-0.214585427540829,0.2999255383826329,0.3360089802288971,0.2692998048291798,-0.1522437914735781,0.04339609369821484,0.2555459946137209,-0.1069734999577711,-0.2392403544237839
(73,),-0.03229370087543719,-0.4928034903274772,-0.6967285389001073,0.6457191168564299,-0.01956574156592428,0.2587832119310943,0.461675433315729,-0.4334185748096024,-0.5000627850678635,-0.2695076318836738,-0.02379369114773444,0.653800705682595,-0.2728410591574109,-0.2074897218076572,0.04664891440806629,-0.7016514512062018,0.04756193763473093,0.5074314886342227,-0.2585301163016223,0.5425061077193692
(74,),-0.3039263250774034,0.327297941769059,0.2799576516642816,-0.1172899907489175,-0.1226841746729062,-0.1068305908731449,0.2802131885388857,0.1920379604148935,-0.1635133776510654,-0.4388847555208546,0.1330741961769749,0.8332130835208833,0.1493939613613118,-0.04017646248651668,0.02414712979927686,-0.04634194878601589,0.3787429427473398,0.1879407679819248,-0.3098034563353219,-0.5064795574886581
(75,),0.6846209010479132,0.5162500595996046,-0.07932957418449016,-0.6689233783519024,0.4000040713955942,-0.1490384844460895,0.2568844621853363,-0.0204946743937493,0.1537850415268992,0.2459690225268749,0.5377725256738015,0.5488993904803741,0.6126047084765572,0.3023411254466876,0.2167184368306424,0.1203422499807835,-0.4408968041937835,-0.07293397691269493,0.5980021668112221,-0.2140294038927311
(76,),-0.02095381114754713,0.1398550841515602,0.7150067972359156,0.6850105906649111,0.6604089080034732,-0.1303195157331633,-0.5015883697589858,0.2898966805884935,0.6460892759655985,0.3737891507288373,-0.3108862167855108,0.3457423334931319,0.3119766162625154,0.4641929027218095,-0.322684537940239,0.6625275684844014,-0.2680795966668877,0.2063673654076934,-0.03924551145463301,0.2884099057676079
(77,),0.3732661243473465,0.2429397672792926,-0.4092787042090195,-0.1245670822920274,0.1247622739935765,-0.09401080955473773,0.213276790059619,0.6336540600871781,0.3966273900357559,-0.1052256958397344,0.7514872396078068,0.6866656495012172,-0.3653389821907037,-0.4312204185769218,0.05962376241018841,0.4614014640237897,-0.8273773718568104,-0.0915566223763159,0.07199356162010734,-0.004497211434861814
(78,),0.1417419425317479,0.6568762167955073,-0.04625098992955656,0.3177139315718136,-0.2001563145170693,0.08116593510702219,0.1893752706017227,-0.1868954949827024,0.1339585740383119,-0.309236043822734,0.6276384149621163,-0.09873716799763738,-0.8499430782852196,-0.4190832657830836,-0.6427837975457114,0.4288151896244962,0.2320865867793848,-0.296965007553702,0.7981255482380518,-0.3960938073844627
(79,),-0.6880144953164392,-0.8651405812699376,0.08729949183808905,-0.2657854040340414,-0.4592735469499038,0.4305002344271563,0.6607495100542582,0.1705367523466369,0.3830207313155725,-0.1808506076173521,0.8764996150740078,-0.5796907571214032,0.5414997026734336,-0.1097969941453996,-0.1687248368289904,0.65496947345232,-0.05757130743523506,0.5994046752672455,0.1376562422310592,0.2547613569665993
(80,),-0.1423315691134204,-0.3077645756798599,0.7875472026997232,-0.5211752134660356,-0.3577689198867021,0.1899798253049084,-0.284081037628689,-0.7372870304506813,0.4215499912654042,0.6712045015255754,0.792946635000276,0.1376251582990464,-0.198733041809656,-0.303366358100607,-0.1811859721712868,-0.8917363573980347,0.3529470112829628,-0.4454796608898685,0.2574380216242017,0.01032770540065664
(81,),0.8141791305382123,0.03133340220988334,0.3488981553021698,0.2801873347975531,0.4012949985125893,0.135631071230689,0.3743460523806124,-0.2740584081027057,-0.2446068677164434,0.8335100181086099,-0.03158724788648803,0.3265816386287885,0.5554173685927435,-0.1801948329571045,-0.1656343016040925,0.07685021602015307,-0.4148909630250093,0.1327144551632037,0.2608273057547801,0.1862634141662332
(82,),-0.0990120865479247,-0.1412191652679747,0.3088019978015484,0.4470956642556653,-0.1646126432432476,-0.3611766489809443,0.2485934113012044,-0.5203801690125959,0.6158071315051876,0.1560885943174336,-0.6018732858930991,-0.3773440973725671,0.8004565237869088,0.8944740073930487,0.1932297467406469,0.3877196660204619,0.1863779657888876,0.1029596184076359,0.1151059552627959,-0.10903084784204
(83,),0.07416727108820881,0.7177602742224258,-0.1161892649053072,0.3531836218563144,-0.4064951131016484,0.8745375424338647,0.5257933667524993,0.5576901119030537,0.4286980817448913,0.3662359002963871,-0.2288219875418958,0.2520094581586338,0.575973367633552,-0.09232735877844304,-0.1388577184400445,0.4932884974765696,0.290792922771084,-0.1269245030063202,0.1708381816348405,-0.4413857826356181
(84,),-0.2921714326172895,0.3163873470402103,-0.3806331982439717,-0.1968186618551602,0.4921582042828582,-0.2196686306083029,0.04113398248168854,-0.3661308466847294,0.5311389100593231,0.5750400757618835,-0.8155119741512267,-0.1719326668644335,0.3875286399548119,0.3283056918178426,0.01589380917957278,0.04594003465050567,0.426054966489734,0.7668707513165575,0.7391759671502004,0.3260364842603442
(85,),-0.5516363028637495,-0.1161299190130405,-0.04198613309337007,0.3146027453098889,-0.07786076626508781,0.07954935298298516,0.1026782750780741,0.05006291572609578,-0.00612541595758076,0.137161720718509,0.8025904122942913,-0.1569387746314183,-0.5970296897052884,-0.4158041491649984,-0.4770032110486098,-0.184028646920042,-0.5131516639430224,0.5254866300997014,0.2991678388077447,-0.4947492991988669
(86,),-0.288992491027158,0.3814313172311724,-0.5761060943294377,-0.6473915595999666,-0.04017274132091994,0.1069820896687893,-0.2592364293567134,0.8030991258089317,0.2512038831294275,-0.03977233597487906,-0.2865921441553052,0.07661257153710244,-0.234658118214895,0.01451320933326516,0.4348073760633278,-0.1738913796239286,0.299293122301315,0.405774470230067,-0.7413131937872851,0.263314291055716
(87,),0.2086505019987456,0.3098676351561305,0.05542602481973138,0.06045693510695027,0.3014045956306602,0.3365833476441929,-0.1218987719484846,0.5995636478549792,-0.2453577459893831,-0.5902298181208707,-0.2575724536812171,-0.4562655403424648,-0.2468555199308711,-0.1637614380915575,0.4157881383405473,-0.7356093796563115,0.6869331384672939,-0.6996875735534411,-0.003133791310492851,-0.1453648586245837
(88,),0.04066156685388883,-0.0741211569992225,0.2864603104262074,-0.4469999158388086,-0.1703381910435197,-0.08696282518676712,-0.3481651284934532,0.3743800724573965,-0.8963648471160524,0.3981072490007778,-0.2455907612864657,0.07898714749810154,-0.02922422734002422,-0.0930462948615258,0.3285633556601198,-0.1518881848221123,0.0804890374763686,-0.2407289134608513,-0.04494737829866854,-0.2460567383917689
(89,),0.3860393476194496,0.3111462394215477,-0.2126788225951426,-0.1336510208206098,0.2917747309813266,-0.5109366842480674,-0.1566245355050128,0.0972615433069085,0.03679732631975574,0.650853845356878,-0.3653801590947501,-0.4048334869971406,0.4368519835220357,-0.02805675165162769,-0.3401200569166088,0.2310761819712517,0.04604217232523111,-0.8522523120950699,-0.03623939774568707,0.4064495941869259
(90,),0.1175821819425503,-0.27486839867434,-0.6799189747287815,-0.473580733101202,-0.5758313807597477,-0.1698515199931236,-0.2497777225835052,0.6519833676150784,0.2489092730584982,-0.9165559732155358,-0.3870838417172332,-0.373823885401379,-0.4553208786243557,0.07485229258405285,0.9253173899547662,-0.1600838266333367,-0.343547454326225,-0.1627782919449248,0.1064650004601957,-0.3370322225723233
(91,),-0.08029726971364115,0.006786463693241054,-0.1581200035107288,-0.2677168383192099,-0.5904768479480536,-0.8376433027529203,0.3121417509930368,-0.2524267230131195,-0.467974171294581,-0.8548730697780128,-0.2749332836918426,-0.1162076844398646,0.3103317390960966,-0.05701503363602756,0.5354769326762339,-0.7502080333787244,-0.4976021278902426,0.2036267815229042,0.7101959835979796,0.1104960917362552
(92,),-0.3973125242238458,-0.225549156626311,-0.3635970098534801,-0.2099664024850625,0.7225000730709341,0.61326285724089,0.3140406525521394,0.0969425331425545,0.09134451100321916,0.05934443846574433,-0.08285479979130639,0.2409376686321076,0.1976442686251246,-0.5033264171316763,-0.1318179221062367,0.2334355048813572,0.5102162824319614,0.8587776555480664,0.0007962156387816555,0.2091787992939438
(93,),-0.08855698117042532,0.05662640512830508,-0.1347159701416027,0.1085147829800565,0.7832476263899272,-0.01673019457955927,0.6674016827815743,0.0006927351812392457,0.3207151236758051,0.08972090600219107,-0.3137752261071017,0.161491555717401,-0.3593536453051757,0.2593546341804132,-0.6750241588171368,0.2327433755749446,-0.4379571211518677,-0.7917540574750435,0.3394008267803191,0.6858983775089226
(94,),-0.502124237789441,-0.3401419959603083,-0.134171354721214,-0.6254955966563285,0.2460305891279822,0.2686207842878121,0.5854425247156243,-0.4919841518653033,-0.1655278990380014,0.7341720867984163,0.3288152799152678,0.2835864657552012,-0.01291132565420916,-0.7256721806488069,0.2701260734465804,0.2287292985045032,-0.0178127362818894,-0.163203008776662,0.1105854697003452,0.5541341489424705
(95,),-0.5540521475347109,-0.4615413777127081,0.7561878500244728,0.1904666880797484,0.1927127626244571,0.6813342132916418,-0.520201901736638,0.192583415367162,0.8536376872910558,0.2358446488671627,0.5379872910803807,-0.21905535623256,-0.7344985474460564,0.7610474761129435,-0.6229246427571992,0.07393081842121307,0.3523184049569116,-0.4491635014737566,0.1411612445160579,0.2073667085349407
(96,),-0.1528978798266241,-0.04514181411164248,0.01453988119028748,0.8434734877249993,0.0104394493447339,0.01252087553162462,-0.05391861340448106,0.3265782938465832,0.2295490747559192,-0.08338351457793747,0.2054061169098555,-0.3675459988120215,-0.05779025271669397,0.455589535319596,0.007590765658088583,0.2230278481759949,0.8158455307097363,-0.04930058184658959,0.7174602629934289,0.23054372940448
(97,),-0.430723930958923,-0.05217737161961361,-0.2035075129887585,0.3611937935859645,-0.1767364454931832,-0.3595431671761219,0.521865836035486,0.7215266833641827,-0.7967780960228769,0.2428938764423353,-0.8147400682492836,-0.6482967462706903,0.04071214021349345,-0.6127699213667515,0.3618239743407622,-0.07848771701487739,-0.3546374054520715,-0.6306502354737986,-0.7925974251671708,0.4464041271944214
(98,),0.1914334274468859,-0.098118401976724,0.3278209957503568,-0.2225686381914635,-0.03277758477995674,0.5617082240931697,-0.1716897014385131,-0.3946509247228305,0.1468487215653853,0.3650466088653226,0.1376257487359375,-0.05972763965409611,-0.6320064997471653,-0.5451118774366137,-0.4549261067968876,-0.002629054540764009,-0.4489409264666167,-0.880081425578587,0.07632795924226726,0.5832066353789715
(99,),0.7473454799429253,0.2294677601922464,0.5243489093605079,-0.4583744661402133,0.01172047355161904,0.1409648525531344,0.03474938565883634,-0.1944179721539856,-0.01183871237473777,0.6620609624581609,0.2917504794065218,0.8649655299707125,0.134106732562591,0.05955588704575055,0.03878661431902947,-0.3748902952599181,0.1710415598904528,-0.1622138505842555,-0.3929868109517036,-0.2631261779833391
(100,),-0.09597027438313646,0.3965142002924241,0.004586863572141525,-0.2323336956179739,-0.7426169178093636,0.4716850970895316,0.5911297653319986,-0.393251073169749,-0.3198099000749642,0.4469292263566925,-0.4299764371768139,0.5909463898081373,-0.4531863229674968,-0.1102519958492572,-0.4397685236754372,0.517620486252882,-0.3521098115143277,-0.107838036095294,0.4847996013975865,0.2377010848542992
(101,),-0.1333073877131937,0.3046751077761902,-0.09397951157966046,-0.426646469982039,0.7275811951067235,0.586708643686693,0.04600921325166973,0.1070305317724608,-0.7623015693970707,0.1406723220597754,-0.5316781963676627,0.174469152890802,-0.5071779878095254,0.1744330158437216,-0.9060975903920822,-0.1350735806701883,-0.1057696694816167,-0.02470590805885581,0.2409564123570133,-0.0620076272839537
(102,),-0.1341956316579382,0.2551016384615277,-0.4138482349284133,-0.5884269584261439,0.06240919348278412,-0.2435955183966215,-0.775108842274412,-0.04587577067653492,0.5052877170690859,0.3174107264236448,-0.2242724944898717,0.3153865094318593,0.2631919505196263,-0.2698662397099169,0.05718872616096882,-0.03909274318831379,-0.2967013331781294,0.7362979769106718,0.0831268713375275,-0.05310768996566367
(103,),-0.002317246103819504,0.2378574986708697,-0.05067741319657396,0.1974609046933256,-0.03966039608733213,-0.6786058619696789,-0.3190198554239171,-0.6782664267721514,0.3859614109069209,-0.4447660140373284,0.6901876580416737,-0.4379813906672724,-0.5304001780354117,0.1011106957149789,-0.1237455115712509,0.1500790716846495,-0.2765094359872718,0.08404023691400808,-0.04832543649116704,-0.03735838375041077
(104,),0.2207600262532516,0.01139718785786095,-0.5776835042109951,0.3512372377806235,-0.4437037057955339,-0.3508872323493253,0.2553984384838881,0.3087208379582156,-0.4322621428552209,-0.5594937282566614,-0.7836930472547671,0.7798733406439646,0.2698245743396271,0.7644220644224659,-0.04830793052785409,0.2744883740300568,0.455800252192567,-0.6785050976791092,0.6596931774451821,-0.231148149437404
(105,),0.5870534101179928,0.2210804089135306,-0.2508051708914026,-0.2850463684112065,0.1054058877778811,0.8240676604339718,0.9040448557315417,-0.6981488370020591,-0.4935285708772712,0.3148830923418002,-0.6615348548727958,0.04099371487481074,0.03721755491059298,-0.510817198443856,-0.4345155782401485,0.7076240371289818,-0.08040956617959472,0.4813835925060349,0.3842876650246991,-0.1880902151369544
(106,),0.1542945008505823,-0.1035015023404332,-0.3237763220458105,-0.3804241739200758,-0.1511654761246041,0.629618304039009,0.1027307598949581,0.1585677935426986,0.01140974180325338,-0.5021983749721944,-0.436954329419966,-0.4562652704119223,-0.5748478014573457,-0.04831232778875627,0.6331078483837447,-0.103645872312589,-0.5685269542429465,-0.4237670683347408,-0.3641895124842586,0.2043927368447059
(107,),-0.1709635262574397,0.6977614227985592,0.04476132237979691,-0.6374780139936465,-0.3901444195770149,0.3950007189704968,0.2417249451038465,-0.6329102180779962,0.1003889180617448,0.4686178331042448,-0.08829519364558044,-0.457606073755381,0.229678027537962,-0.6271294984990455,-0.1140237684161219,0.5892112625239954,0.09880436647309765,0.1928491465549431,0.03991845510575612,-0.09596023142333038
(108,),-0.3171563067053835,-0.07888086139803874,0.7764045989833768,0.3664689004326894,-0.2784609221908503,-0.03795097060129982,0.219162538975293,0.03506766404213579,0.3739692263330009,0.5496987264622246,0.633096882743742,-0.857571671571835,0.1410268805759359,0.7588054969809149,-0.7509137536937152,0.05922477866987108,-0.4458613391349441,0.2992559977041917,-0.2327415889097629,0.140724746860501
(109,),-0.6029821465691341,0.3405962424739111,-0.8974772211643661,0.8082281846814362,-0.1403711992293032,-0.0752012352183572,-0.1843316055385236,-0.1353008881537204,-0.4223515593715427,0.2672514244420461,0.1157517663343034,-0.3647678485420855,0.6734662502141695,0.00128666327619309,0.09835105436205419,0.728621005337595,-0.6682074005683901,0.8542392449743105,-0.316607564425134,0.6497902038865964
(110,),0.2145227944335061,-0.2738873492736609,-0.1172991125945882,-0.06647135466833798,-0.1141955113855996,0.862110379804207,-0.04894857790446143,-0.01726494223417185,-0.4836154094178256,-0.3197910391448878,-0.7163310111215881,-0.6299853265546536,0.2391361675697684,-0.8701425853987133,-0.7347316225495018,-0.5415889155995266,0.4223841498541676,0.5899382421496591,-0.1258571506078744,-0.1808610728062415
(111,),0.1533681811098697,0.6985889292170456,-0.01984065951621866,0.7929437479955704,0.1622005211830911,-0.8542005028461754,0.4633158018536482,0.7593116370858944,0.4539467648601611,-0.3218302946217125,0.4393980312179386,-0.2338143359602207,-0.1087828787894793,-0.2658819008293199,-0.1400946343185555,0.186303956610759,0.2877365563853499,0.1651351977395867,-0.1814206164661601,0.5001311894666897
(112,),-0.21300329361338,0.1517204248560571,0.627816283116804,-0.07434793536939566,0.8530197343423762,-0.1134293277530282,-0.4108840388284719,-0.2580595917518392,-0.1034873464106207,-0.3709336663211544,0.03088014410066142,-0.1546169613062514,0.04134898651388969,-0.1615240002154787,0.4846627801029572,-0.4514556272011829,0.454998997507249,0.7341364772548852,-0.5924492893414929,0.03362267988378587
(113,),-0.2499667755604256,-0.4602373300589752,0.3942935003436438,0.097752479077164,0.4695650743961597,0.312199265124681,0.06951772779409043,-0.1066365092323912,-0.02716124883005622,0.09678408704986691,-0.08380199300557181,0.270842015306015,-0.1354790639799515,0.265205762834216,0.2542745079385479,-0.8661909105305714,-0.1003671034721798,0.3691912662841501,-0.5789502925403571,0.136886508517678
(114,),-0.2021256499047773,0.08688780358145327,-0.5145958807087764,0.009650764534231082,-0.3308461501797946,0.444595769839125,-0.102714353608776,-0.6247384569929593,-0.6735278577954996,0.4859406561616163,0.1161456736622859,-0.2952894020182993,-0.4846126390003649,0.1459764686764615,-0.2968912892025031,0.7156815406583625,0.3904543460700479,0.3622578529993695,0.6998076233995254,0.03757060000471824
(115,),-0.130878843505297,-0.1183567602830836,0.7852749862792036,0.1783118894606621,0.4747606617895154,0.6423442302046289,0.1834101033685729,0.2612559423370566,0.7379731436882494,0.2715533188518376,0.1242472125444106,0.2085645520547776,-0.00403333268350281,0.2777175628603674,-0.2904414546307881,0.7874965147994272,0.8573782814634919,-0.1530947682870364,0.2337104345322901,0.119699914177535
(116,),-0.3689383541640644,0.07494035646279595,0.1201073162548451,-0.03318883128827382,-0.01561227747405119,-0.4744406129772332,-0.0690116398442393,-0.2668968639283201,0.08299482388415835,-0.07598074648788522,-0.4615730165125894,0.03004950073064316,-0.2367627877299734,-0.912543659881142,0.2966407600169619,-0.1456406959941172,-0.5107164265452122,-0.7993752811911183,-0.1080791368751579,-0.4743353682863027
(117,),-0.1439406624956132,-0.4591305784274916,-0.4318516766706401,-0.2603380966623667,0.3919510635928245,-0.08801719335355995,0.2220508929752923,0.2849319890604263,-0.2849273667835063,0.1538803311230528,-0.3571832995786684,-0.3343826632260685,-0.3540858612606065,0.5411057917533582,-0.2747040242632881,-0.1345619598539424,0.5619438007390705,0.2418797031407005,-0.1660925885499405,0.1020979253383895
(118,),-0.2186467357902221,0.09033774547610895,-0.6664261976364122,-0.3034382541783821,-0.1695977520100705,-0.03161810074804927,0.3278327787337308,0.212775586258575,-0.6473918869303735,-0.468815231575528,0.05913604252960514,0.09938676947649511,-0.3419386861693813,0.08468290557692348,0.5722548269972817,-0.4229044591304184,-0.07997766042218124,0.1849907104530099,0.09175376754851497,-0.0693463051267944
(119,),-0.2426313692700151,0.1507144793992949,-0.1243174060950318,0.2819461192369487,0.2311631409139302,0.02256834925459098,-0.6738624059076228,0.5839457965412855,-0.6778909788808964,-0.2178158337044525,-0.2954374374768672,0.4065433916047521,-0.5284371594258175,-0.1348266302942446,0.5727621642974995,-0.04527193834872201,0.3536020197599543,0.9693335830666966,0.006081527617813685,0.607615276482323
(120,),-0.3076582764521864,-0.2579807706950368,0.08993028828451921,-0.2029844372047835,0.08806394048363354,0.2740047766559124,0.504433405364912,0.277636372954927,-0.2538806051514757,-0.1093325022797149,0.6264449580819058,-0.163271545243444,-0.1041626683901115,-0.4769721556853361,0.4620923301033078,-0.05780970939415336,-0.1978018210245291,0.2829396350876522,-0.2623844872426003,0.8995384997962755
(121,),0.8472849403280522,0.3321140172289041,-0.04779342141941034,0.2373273422103087,0.6218124158584214,0.05817143227530655,0.479819512548643,-0.7773628287607569,-0.07849709038139308,0.6002337158610572,0.1256576710499681,-0.1470462931083223,-0.1739611534308348,-0.1152630512716633,0.03006716049540192,-0.1119442012765629,-0.08626825134236837,0.2056272845116491,0.4177046578315368,-0.6034649442124989
(122,),-0.6082246711161475,-0.5525004662467747,-0.03220692088285915,0.5401815289905842,-0.1664331343277982,-0.2892596219861974,0.2099935618345871,-0.22156848810387,-0.09061849676490163,0.9538284774545864,0.09189758650667629,-0.1812448416531999,-0.2910302280139193,-0.6348867859755327,-0.315526441488458,-0.4442752166411189,-0.4877620142934637,0.6286450318207955,0.1807229579131938,0.4143039724816505
(123,),-0.5239505157400395,0.1503010617673245,-0.2753893262155355,-0.6429802753005949,0.2254737537616515,0.4336048875534662,-0.4963831082523533,-0.8167789257763692,-0.4039923241546962,0.1730917807670689,-0.6491179104309253,-0.1770546018743459,0.2343480435137129,0.2464012699686441,0.1205000564228845,0.3078732418460712,0.1513799669806554,-0.1811822766855655,0.3296983856991391,-0.837749352675102
(124,),0.3892862432645366,-0.1053380008831174,-0.02684706317999996,0.4745980765783515,-0.4108537898922624,-0.2570101461431328,-0.3252327966675815,0.29347751593411,0.614263565211668,-0.3521361165604203,-0.01282748243653664,0.1010353019289502,0.6720327062406177,-0.2972371886250414,-0.3339247674220255,0.1987385953947864,-0.02659910983364666,0.4565258250045676,-0.7502134846143353,0.3697734619401037
(125,),-0.5109616974585496,0.7329313736413477,0.2485729971267012,0.1333766469249232,0.5655428402330877,0.2229306824531118,-0.07482574462781622,-0.0367178977380076,-0.4559362099587048,-0.875753788274157,0.304353403462653,0.2254519895346803,0.1232062713665995,-0.05402191314512703,-0.02809665780001902,-0.1777864127965041,-0.412793784546535,0.1288133035525343,-0.2672534875224425,-0.375633170729494
(126,),-0.003482096539170643,-0.4185638779785957,-0.5179159648567606,-0.2652765406832376,-0.1372388559736035,-0.7612617732852185,-0.05772693136629725,-0.03063520487661031,0.3635974733219602,0.7354743879365427,0.6494691603569531,-0.1003678869594514,-0.09202622882686484,-0.2962599568614985,-0.5885570510512146,0.199295987116996,0.05802425939167652,-0.6067646661819379,0.2763895372493178,0.1605628702550582
(127,),-0.01989869823206603,-0.0479372676997738,-0.2492252975865913,0.5570787526676999,0.2349306155842769,0.7230670829279705,-0.3279829958136717,-0.3192246016642336,0.2012452134942543,0.9172671007860753,0.1112511719879035,0.6640870878039353,0.00840884972093947,-0.7666408692177699,0.1187019858986633,0.5640946703275663,0.1357110466911373,-0.1860186648099564,-0.1644128493197578,-0.02453230790366301
(128,),-0.284194565706586,0.446255623468086,-0.660999328602536,-0.6223126120596241,0.1759197362609127,-0.4949871931328897,0.4733710599121791,0.7461942570120295,0.04372540913609235,-0.118199585090197,0.009061432411649362,0.1625234121359628,0.9112087030175599,0.4681321515194093,-0.08147756903257186,0.1710747859555287,-0.1920494005011256,0.4123578331135472,-0.6661928742301829,0.07163777132378502
(129,),0.0830997255374537,-0.1120461036712053,-0.2669356959091104,-0.2140664703905331,-0.1697064280927073,-0.346257578357591,0.07349458985428778,0.00251308071514772,0.5523945225300425,0.8137711602438906,0.3031678319788778,0.2291814725450951,-0.6012475583993286,-0.3895650930825343,-0.006525042466160924,0.2092506395761126,-0.6927783149208562,-0.04132782402660873,0.00874737275609605,0.2141147164696251
(130,),0.8194053594013032,0.176491226315713,-0.3960381101632503,0.3880180100512826,-0.1857574829228935,0.8282762627271412,-0.4327930677873704,-0.1649812193089892,0.240394550859122,0.6982515118863412,-0.7197337542420473,-0.1623335885837911,-0.1384839389599269,-0.189861809049883,0.6062639446852278,0.08332204819348654,0.1501744775865755,-0.3986745597430508,-0.4599429256044545,0.4836268061756569
(131,),-0.3272932208169068,0.4994201107825155,-0.5944054145324724,-0.7392441539689321,-0.0474235189260777,0.1395297418173282,-0.3167306102596332,0.2059237574507089,-0.03140173774026933,0.03272466555206943,-0.3599290617551002,-0.07834068895372147,0.1175800715638728,-0.7946664171330968,-0.07586090510826324,0.4191799244587093,0.3179891368702487,0.02867338119845153,-0.2595802354673307,0.1200290744709577
(132,),0.6025378933799662,0.3399662817121855,0.2321366842008096,0.4199000979058629,0.3721122934019145,-0.1863668603954554,0.5092097799659262,-0.4829020909055765,0.03409609792200263,0.4475873272203887,-0.09052629865315343,-0.03015621890324112,0.3765659708270298,-0.003126038365121764,-0.2085930942351518,0.06146355073427906,-0.1630379896261839,0.3128662272902719,0.3233414728326038,-0.2415632154980223
(133,),0.5476219148625443,-0.2741156654673371,0.04536713972715888,0.2061636410097828,0.1644517115349787,-0.7463730286562704,0.2029009989115346,0.4531203650896121,0.320704274401748,0.1388302983921085,0.3423836469840708,-0.2057813690266676,-0.5879052972530353,0.2502557182234272,-0.5791418626039151,0.8168343187873671,0.3028815945356377,0.3101086136685189,-0.2032500194130382,-0.04795235288316435
(134,),0.8575521053444548,0.08806885803964293,0.05913175583572194,-0.2708717831956315,-0.04108033873853395,-0.2443519290499424,-0.3100621820386059,0.1822068538950562,0.5040802737926208,0.2909309944311486,-0.1678363999078897,0.2072137344271144,-0.3616687403746787,0.1050827964644483,0.3585054088166185,0.3574158516760861,-0.6428087473727522,0.01981643607233757,0.2329252004228964,-0.3134252401488239
(135,),-0.9308214636672383,0.1804139082150734,0.1690012371058008,-0.4610677535007882,-0.4951139437396428,0.322104275731548,0.3939592302659152,0.295369707860764,0.2248598986916917,-0.07552729660984381,-0.2572923955477359,-0.07078684751514047,0.4222856433594487,0.08783839766344459,-0.0835838053058011,-0.1837823337360496,-0.7330668380380795,0.2720128461578369,-0.1709438649806547,0.09714803914907377
(136,),-0.1833382988464597,-0.3885524688458021,0.1002765628602089,-0.1807263696915833,-0.4498540476730085,0.5739987633576928,-0.6770018688726818,-0.2653764759971594,-0.0448709987498741,0.725996376960245,0.5312209535880379,0.3411999205837806,0.6265428583861075,0.489066490034415,-0.6693026197024573,-0.2508126663192994,-0.4738478136486576,0.1506562221623581,-0.285033007201171,0.1241592326615021
(137,),0.9665495409502678,0.06162680835190382,-0.7838658318379204,-0.5869999786822979,-0.01298108153744143,0.6229630988147676,-0.2997297771548978,-0.7511548801961934,0.6255452436164514,0.2104494447782087,0.2575068718870963,-0.2800417195339678,-0.1111560577248643,-0.350550360649951,0.3441287113458349,-0.2109950992142923,-0.5160787748997748,0.3696633040564697,-0.4300854914617637,0.4504955590036933
(138,),-0.3719941803516891,0.0811120551134491,-0.2505395171027369,-0.1263368794844458,-0.4039978473833298,-0.2343245408142967,-0.265441984783199,-0.1252502398275773,-0.1719475399370808,0.2063952625252007,-0.2102826018367033,0.2694612391798083,-0.5549838040776967,0.01715562805725512,-0.5968850791274554,0.5698474517785898,0.3682222579041451,-0.6975297659737492,0.6683125568928409,0.08828603248996991
(139,),0.08315114188368711,0.7555948937116215,-0.5420010741948456,-0.2224183867469786,-0.4841418689922601,0.0150680253903086,0.03134740190419293,-0.8441612873046046,0.3509806298679891,0.3502986607515577,0.3064342116594353,0.08019287570895844,0.2828733350159431,-0.8015170690365633,-0.4692867465143689,-0.3856455278045042,-0.1727550452479615,0.1652873058461151,-0.4966628830318103,0.2164799675688114
(140,),-0.4354813992418931,0.4243243943795781,-0.6201598640732642,0.1941899306254574,0.7418543551751302,-0.3834317107210369,0.3918115464059264,-0.4540712432180565,-0.1524172779798115,0.2389687104819969,-0.2093585439133729,-0.05167549680470218,-0.1677194628282596,0.3429080853422933,0.3661037814319842,0.124875245136251,-0.2015164831752908,0.01013585914071079,-0.08256466238755755,-0.2392077310755469
(141,),0.4225915760195242,0.3928421875576943,-0.1982988171871769,0.1347323737146096,0.0002542761350546874,0.3985106323988949,0.04378544996714928,-0.8485176516130213,0.3642661330344553,-0.7897100328432817,0.5287104984694506,-0.6601933017148041,-0.04477059479954715,-0.09073519579490463,-0.8515940451807954,-0.7139150350267115,0.6373674167281635,-0.3213035490350079,-0.5272038422408022,0.5845319096439016
(142,),-0.5684110521673034,0.6048300374224825,-0.1365559098812106,0.1145745370665491,0.5395176196893301,-0.6387381718654013,0.5355351382684215,-0.202936519058055,0.4419903134007122,-0.1759633495967645,0.3858279461785231,0.0521043058945766,-0.9305040353172924,-0.8564925702020846,-0.09953591434265252,-0.8689448930373472,0.03793639649409958,-0.07320908466898424,0.07520466563778805,0.1022690461082015
(143,),-0.2104174702290958,-0.3118527663711789,-0.6056257090050301,0.6911637590973324,-0.03788093667904824,0.3110163663503493,0.6766274677962641,0.2288223204325256,-0.1283082620557199,-0.001270612872193433,0.02379017697674154,-0.08946651854071797,-0.4377059802569662,-0.2270752309894066,0.6294251310568166,-0.3033874445981648,0.762051084532763,-0.3720297124022329,0.06017992014752316,-0.46158918390903
(144,),-0.4447068486467041,-0.05074902838074455,-0.1032048030897715,-0.4157175512087971,0.004073925377370835,-0.6457179221991487,-0.3293669670083323,-0.2359844180829519,-0.6589069881531529,0.3738629100953157,-0.2270126292795493,0.2823749773989688,0.6812411755415626,0.6810074240646036,-0.6436198780854098,0.6140921916230457,-0.4313289436281517,0.07313071018914705,-0.2985957625925993,0.3668469981195243
(145,),0.3163661677762525,0.04375479300087828,0.4763879595788032,-0.1440209244656089,-0.1899507240075438,0.08450160987984284,0.01467533060887743,-0.1969311519601973,0.2636366227236467,-0.381288445606152,-0.2380852463535854,0.6198479832726743,0.264116580393818,-0.02403964164904737,-0.1344392278709653,0.386692121481663,0.003059349018117385,0.4259747195558285,0.2001145324813701,0.1863063274974743
(146,),-0.2810544135401408,0.52611079296165,0.1293849720225427,-0.3407712879286875,-0.4515032549878274,-0.2307387851319346,0.103295577509637,-0.6335935298074976,0.04527074935599673,-0.009167201398181668,0.1946904979455306,0.1088946731999877,0.6255591897313953,0.1423361786589705,0.4469369615896062,-0.7297661071057596,0.1851141677204712,0.4036653286701433,0.3525038814168904,0.1055544154120476
(147,),0.5220960746227888,-0.5203291742309111,0.7104328533906024,0.3602171378101652,-0.7078196052876362,-0.4277790889644675,0.2365298664366111,0.7132319773426677,0.1144824271078906,0.4637742488505269,0.581063897593138,-0.0630235906970904,-0.4009722912048127,0.3233178383222687,-0.05008835889386207,-0.2264879682801881,-0.3265941108406843,0.5411113140142848,-0.04026955716139835,-0.4867933860750235
(148,),-0.04542096472258161,-0.2501880959704381,-0.3674301569967108,-0.6063415963242196,-0.2848150069856549,0.1979416747701989,0.1697731780988124,-0.1363694858583604,-0.05794161919001584,-0.06610184963348409,-0.657524121679444,0.5316040785937692,-0.07474516764934264,0.1158551896850885,-0.06197438249415926,0.3622927308254613,0.1717289445035547,0.8978917329830457,0.2194533543935623,0.2396920013289578
(149,),0.3964674376270039,-0.7043730718611825,-0.06234670339942622,0.4481323470324702,0.2543564574767835,0.5567733101208279,0.051727538574103,0.4050515761643745,-0.1423806516767796,-0.3962133852017548,0.08690491979780182,-0.4666868831106051,0.8588061409556944,0.03083940025784515,-0.505939694205923,-0.5497826210807778,-0.1687158238306076,-0.05876154175975234,0.2857027445456012,-0.1859531195931613
(150,),-0.02319086252871649,-0.3996599787448386,-0.4282804988819482,0.2948996588657175,-0.5693040743996176,0.2735338399372406,0.05283152447859196,0.1767497045606937,0.3867900886820664,0.8832980351708156,0.273360042329973,0.1005392236782406,0.3853136501497096,0.8611958275409872,-0.2375752694431312,0.184462048826867,0.4047744650014884,0.7098384059228211,-0.7998877669577191,-0.04975733408619115
(151,),0.6220139616300664,0.2190725032356672,0.4500855151666086,0.09058828482104589,0.1313752063320753,-0.02865785908637397,-0.7847680427903508,0.1542383293117054,0.7188727893135,-0.188655030575718,-0.4076659591411774,0.8901518744493548,0.1160836142032478,-0.8064915389392672,0.5781788936360233,-0.4296459773953894,0.6549520821099097,0.5128974131312956,-0.4544832526597422,0.6659218378809252
(152,),0.5259775693160809,0.0502958756639314,0.4467585254290241,-0.06256573796259879,-0.0796936712453975,-0.4580778904106962,-0.05405778417261199,0.2543513053652663,-0.511653188033323,0.5143295785666203,0.5161866518788398,0.1189692721768023,-0.3470665776999855,-0.3089962186302507,0.2452052451094606,-0.5646153835832479,0.3588164491584628,0.2823792215999935,-0.06595979775010385,-0.07996416815958901
(153,),0.3005255347711826,-0.2612735106079022,-0.02275830677294885,-0.1687905384225938,0.1694332639380763,0.002604728725609073,0.08884853880973545,-0.3081927465683868,-0.3630673745990986,-0.4842304995701514,0.6319427591070756,-0.4424229840076583,0.3011118662676876,-0.1751328453659546,-0.003934449999035125,0.7044314299585194,0.2403995598223432,-0.913952368418002,0.1571550006925952,0.1063168274733605
(154,),0.483868744427563,0.05102291103580447,0.05864008033136436,0.1974572269573974,-0.1651370507026856,-0.4387825252439506,-0.2447426566202343,0.2461833951295959,-0.5554435000778624,-0.784770060435495,0.1513317140090171,-0.4594953940793137,-0.5204404443613314,-0.01474737578223584,-0.0888007116702263,-0.141130024760329,0.8223074806142543,0.3341395335181824,0.3541292269606445,0.1822322383359367
(155,),-0.1741520631894848,-0.1373363304825355,-0.7123305960367189,0.4198391439292877,-0.1566757866878877,-0.1078634788819636,-0.2215835883828724,0.3024499339630023,-0.001490036422815089,0.1699099683938248,0.2106712120613894,0.91630275128995,-0.1753961268241768,-0.781098472566248,0.1462633615571768,0.8012315307771926,-0.02714328181657483,0.5255377007718108,-0.3996227492890653,0.2729933918081513
(156,),-0.6705081143091964,-0.8616111809668461,0.4275679023131765,-0.1123981619325308,-0.3184477450348112,-0.3439596748232111,-0.680730834404837,0.2750691330747439,-0.2145224984162854,0.8185929855527615,0.592775923038364,0.1979192448907865,-0.5764979985498251,0.01604087391082587,-0.003166996609593076,-0.01505442736245155,-0.1151863826742816,-0.1590490879067967,-0.01916624049152799,0.03467521817888708
(157,),-0.3990089456707845,0.5912859644384196,0.2050080959208315,0.2822288662270324,0.2757482732850882,0.218167905458285,-0.7139674952710511,0.08217770404862312,-0.1664071770900703,0.3228532648284682,0.470716380865816,-0.9300206855698213,-0.09031265031208147,-0.2850935234557427,0.2563542984539484,0.3643777925465612,-0.05445897260816801,-0.287002232061603,0.07502438842833659,-0.2845698829834932
(158,),0.3862722535556025,0.09395807126922377,0.6560039686440496,0.0716454519239132,0.4359492893036501,0.3310312356642925,0.02835081929284952,0.2351243878514808,-0.3329487794119116,0.008724172212364462,-0.7331441792918887,0.3204922837207739,-0.1300716159984595,-0.3580205868026746,0.6371845154865369,0.1232091063834912,-0.03651565630221942,-0.4701521896538287,-0.4330909602762889,0.4785945379576497
(159,),0.4091461540998249,-0.3983797248915667,0.1456771541036417,0.06966063111455378,-0.06749090567911653,0.8420062505176046,0.7583656148271091,-0.5081052550544365,0.3544030707670167,0.9306895074762112,-0.2224321713144126,0.2629235547811005,-0.09575913045291284,-0.6612160367958119,-0.4121314027154006,0.7349618109864037,-0.7109239910174502,0.3929171324644771,0.5180002085310352,-0.3096990928704159
(160,),0.4045816241209174,0.3641476994131456,-0.03034208644826208,0.6011978133658756,-0.07742989775258136,-0.4675550179744739,0.07493960404695177,-0.2687554414969244,0.04854408454994727,-0.1844952413250749,0.1095189410032566,-0.08248329724455727,0.3106651289381829,0.09440261799702093,-0.1184033807052474,0.5639926239927031,0.0193458071725925,-0.267229989993382,-0.05177471624561192,0.004961431697097174
(161,),0.8858078202747944,0.6804066621611644,0.5077317016241806,0.7121934206125836,-0.1838096908068432,0.4193920552987821,-0.3131124460249582,0.2227418694618676,-0.1728939004888584,-0.006217345597794299,-0.09850983521993018,0.3079143377166849,-0.03265882420967092,-0.028348802479228,0.343811826764708,-0.5628914175077706,0.8714575730161181,-0.2501450507146636,0.4690170757795713,-0.6207249384770567
(162,),0.9165727911431568,0.5469704655202728,0.3198035271106319,-0.2808483493289418,0.7712279136944822,-0.01732226510290258,0.3439916108322739,-0.511057266257653,-0.06426072371509195,-0.1281914377539632,-0.3649474481272414,-0.2347039943215562,0.1370901169737793,0.09575971986000618,-0.3008525782114042,0.3442085507501226,-0.1468800715945916,-0.3982898565550357,-0.8111448105603305,0.6782138119096518
(163,),-0.1780744166126311,-0.217381938718163,0.8063809011131671,-0.4261278785016742,0.5171647081529748,-0.5716163536960707,0.111966484080208,0.1106904655752574,-0.5502601581888883,0.5982259898476392,0.2134144046650889,0.2039362956823804,0.4213202292028715,0.09506327551572225,0.1082492817051078,0.09639290994539018,0.7393206812879233,0.687263006420447,-0.3046885738594136,-0.1314895325796145
(164,),0.3623435988358843,-0.1053960993252478,-0.06782528439440838,0.2694676871623876,-0.1681790453946103,-0.4815439304590465,0.8032672845115166,0.1199887174892315,0.4451922533586616,0.5953165039908802,-0.5110740177528065,0.4437640256100148,-0.06898536485510873,-0.2718611289814536,0.3080110856879411,-0.1502396043732379,-0.04942963361607122,0.6772548258050286,-0.8020115755552835,0.2418942578266416
(165,),0.3062106626404306,-0.3549324298313969,-0.6381484708983919,0.411535169668966,-0.1559777606834099,-0.7548480534442069,-0.6726440083813445,0.7515242808197844,0.6533468676474249,0.2529405502600721,0.2490381075358893,-0.7225080497332615,-0.3275835801486815,0.4723282568283463,0.5703518880387548,-0.003120463459233003,0.7551404380682749,-0.3601045237127298,-0.22954407401568,0.3680438412932789
(166,),0.06474188779774381,0.2573321901647223,-0.4350405353174604,0.3693261177651771,-0.1012277638475585,0.5076048589947977,0.192124269487407,0.6161742006698226,-0.4111328919097104,-0.1174928605914066,0.2255215087805724,-0.3573576320862729,0.196798190785116,0.8606251554657943,-0.2937927815100425,0.3858692414447095,0.127965845281862,-0.1866867008892663,-0.2219093376359217,-0.1979963950685939
(167,),0.01929838828738772,-0.3535090863471579,0.6230163808713847,0.2399180897463739,0.1179880546291716,-0.1588791862666418,-0.5588474235330152,0.001244287103246866,-0.6924528105558422,0.02818991263723049,0.2981743026688043,-0.002295058026020286,-0.06089850514851824,-0.1251387989122414,0.7294860217983279,0.6219871764973404,-0.2750727294705223,0.591886220919351,-0.2203021970617325,-0.4099707399139336
(168,),-0.5121457361759147,-0.03163408012115776,0.2569623137117333,0.1284605812172336,0.5182907041189129,0.5334327713210552,-0.4348433773234266,0.7512345582564974,0.2929064382960576,0.1372746606959839,-0.8421865671127031,-0.8180992104707195,0.2892526346968618,-0.4760948800396406,0.8188461318166567,-0.02213233509214185,-0.5019763528850982,-0.7789131647450902,-0.4443887484890131,0.5973938445837538
(169,),-0.6416249818994475,0.6023033206922109,0.7673759593011186,0.4223552591585139,-0.1045105440945082,-0.5860097288289405,-0.2140968203468823,-0.3179109113543591,0.2785919296014274,0.4266788675926081,-0.4195158483864637,0.08104205589156133,0.686355658097598,0.2052998795883367,-0.4967620175269953,0.352576875082115,-0.4337577321290031,-0.229008672195446,0.4011328041184859,-0.2979188201934279
(170,),-0.3735762521796336,-0.4920176272644698,-0.3909927948207623,0.2087355584408928,-0.1176236768517204,-0.2171533705207993,0.8054243621768218,0.5502049942743024,0.1515352951267441,0.108766662452487,-0.520986619234144,-0.4728749869493675,0.06540524843061812,-0.3270853513249014,0.5226937247238093,-0.0514961177300961,-0.3858945802998234,0.7203835861851233,-0.01157524139903518,0.7461894554895863
(171,),0.5118316728589595,-0.07748176191382711,-0.7273479524521308,0.206953955864199,-0.1898048371270671,0.4797197899159177,-0.2387830206725526,0.3127591784078722,0.2890210764347245,-0.6328844168933132,0.6721075056870981,-0.1266063700784041,-0.1863493217640058,-0.4003533261903328,-0.4006993894060571,-0.521535894154889,-0.3913172030016606,0.03868000979516872,0.216445834805228,0.3270006678275077
(172,),-0.6139467507027819,-0.501347528644465,0.0840973149185047,-0.6084746810938653,0.8140481354935912,-0.4279265464134669,0.03765819318859259,0.6544628245891798,0.6181060913983614,-0.1263294156514502,-0.415358803026506,-0.1987530693241545,0.09821620466332337,-0.02018002808516055,0.2711858893214131,0.2300280521471313,0.06577203106616003,0.1071616880655966,0.6855080342946797,-0.5255637770824972
(173,),-0.1740987569495678,-0.1239645391249332,0.1694435167571303,-0.2771734243252124,-0.1258382014153773,0.3546082972062949,0.05152282301178701,-0.134869315428105,-0.4704066642786712,0.0950149826922243,-0.124200581685471,-0.03608149759264412,0.2326248795957412,-0.2252820106050165,0.1001187075217215,0.3781239103525412,0.4522261719060202,-0.6448872924874425,0.3821484349916425,0.01850952046554359
(174,),-0.5310424075608615,-0.007998330180250313,0.09660276866852013,0.02727232534715007,0.3555683058124655,0.2527292667525333,0.4875842313067179,-0.2323190340293343,0.2349320364667454,-0.5232413836884449,-0.2793064629636175,0.3790740131838469,0.6209803916171609,0.4818095318787161,0.298878671404549,-0.309805988203551,0.295117990542754,-0.4891416440949977,-0.0360244357020503,-0.0664995849751088
(175,),-0.7081245321764678,-0.6325145889574213,0.4117072239396694,-0.001178438815140889,-0.264115579064241,0.1611246900851006,-0.1211381080240642,-0.668378370024457,-0.4865880956661395,0.7923934122364249,-0.7079896291021167,-0.04414007068914227,-0.05942791504530337,-0.694984154941923,0.2744363852704991,-0.1771725270363655,0.1462123333055272,0.8087284436419903,0.2448418639899891,0.41422939566222
(176,),-0.009795716210357408,0.6707624215902473,0.2821654588704244,-0.4262218258823106,0.4367389089446569,0.4996797884845856,-0.3495475867945609,-0.01806169026181148,0.2625185511782837,-0.4594963474559257,-0.9417083402445068,-0.349516916528584,0.145551845207309,-0.2112396560968616,0.6984061084552025,-0.05330335817079634,0.2569923183872429,0.7981616407081061,0.3353398161540018,0.007698863260780731
(177,),0.5632818771654012,0.3286690283527399,0.6899573469303033,-0.316162767254574,-0.7131990029293023,-0.2313018935906642,-0.02414839216992787,0.206735368688807,0.4049642811010912,0.6216172342405023,0.0108631793544488,0.3008626998109623,0.3541805910611026,-0.1561151480828963,-0.3656087661942813,0.08831610560524313,-0.6314392290035759,0.2342462739537756,0.2722104544520096,-0.0145299265532742
(178,),0.4239767568184031,0.277399147170419,-0.08390678264619178,-0.900645242106618,-0.5417099562624836,-0.3713212642397556,-0.1005133560491891,-0.6972381913592386,0.1503361290228014,-0.2452506085815764,-0.243808797806719,-0.1712285474843124,-0.4590151004796935,0.02119303362943914,-0.5280119008944371,-0.05208929099724718,0.4531612286733962,-0.2675164219088231,-0.5935356211852982,-0.09433134583988068
(179,),0.1597267900931063,-0.1508995264339144,-0.07066462142818364,-0.444063955948209,0.07868560019934923,-0.1854953330915061,-0.572438356451545,-0.6002701236131505,-0.2050970522855799,0.3093566087081595,-0.4340078737736537,0.4705639148633502,0.435111872980019,-0.3811940776097076,-0.751029650774918,-0.5932253336179028,0.1276017564492137,-0.664651484925575,0.9399802567582476,0.7239000721443615
(180,),0.02051981685619875,0.2811255358249362,0.9103349404109848,0.1798660575874698,-0.5673019717165881,0.6776137012829889,-0.8409349121378928,0.355922942124419,0.6888098278882129,0.0872526479124609,-0.5115530726498583,0.3930007871188231,0.004707327716331783,-0.6911995285515941,0.2635561828307887,0.0196999459804521,-0.3417624255477225,-0.7386938849960921,-0.8045391571076498,0.6546713365743578
(181,),0.3035901583231747,0.2404844492452044,-0.3692651671578036,0.04259357117934104,0.2093262159363039,0.248595293104075,0.0693985471771345,-0.147891122683053,0.07744490401877246,0.2703171059317369,-0.718680122374499,-0.04474593205226274,0.2702617564304926,-0.4867392700437962,-0.2063278290852514,-0.06994565451424095,-0.5105990535207972,0.4509180549324364,0.8691695927126436,-0.9199876728534623
(182,),-0.5787740721041621,-0.8045624761570966,-0.3486047576934168,0.8683949289261934,0.03210971626370762,0.1709600649709176,0.3625659688879208,-0.4955504656323899,-0.4812092314980393,-0.7230600623917703,0.2193908450026781,-0.5703767852745238,-0.1387753060583391,-0.08076423819630929,-0.3981395487851231,0.04394418202787159,-0.2199008096002115,-0.84766627971696,0.1904261366148725,-0.1854295665091612
(183,),-0.5499967814030624,-0.2615761440681497,0.014611868143587,0.4296140897615186,-0.7773181447083898,-0.1683748180572786,-0.6723039851515581,0.329225325982992,-0.6463241555934475,0.2135072182859131,-0.2256393328751199,-0.2769165749266481,0.01574612484055204,0.2794351173818004,0.08715446680662087,-0.3618380768209875,-0.03688980330189523,0.3424217975683738,-0.9034969207658149,-0.4926393844666149
(184,),-0.125871706181522,-0.6105772829992981,0.006353918340087583,0.3032461020880775,-0.8901597361067952,-0.6264335132004331,0.7137082956613967,0.09132417595775211,0.3492539962156253,-0.2846988304242218,-0.2858029138835058,0.8438845302024682,0.1842322596029058,-0.1600079897661916,0.3946608151895109,0.06660487688632089,-0.4950442612059462,-0.320375989465533,-0.7326827828529392,-0.2057662725323704
(185,),-0.3417745004669926,-0.1612498573000214,-0.1777473693574746,0.4126826944539965,-0.1724079043765973,-0.14067131727636,0.1203241785309964,0.3627166692956519,0.5106625641611204,0.4110705376858958,0.6530824911471885,-0.5727644311013358,-0.6476313217142231,0.001420174674564456,0.3134697126654596,-0.2540281752328956,0.1735363304151135,-0.04453369339591318,-0.5294296618633441,0.2768088452278826
(186,),0.1037700372095005,0.04242344807971976,-0.2045391976236007,0.201794404267321,-0.2437978952482782,-0.2386044471954623,0.06465464048497133,0.6228972967040437,-0.1221598227936416,-0.2502230748171066,-0.1643536539588535,-0.2573017336674687,0.2457218426115573,0.5037274858294132,-0.372319928754053,0.1028093281307088,-0.1576134567840425,-0.1795695249433987,0.1057776385821279,-0.4349267561048002
(187,),-0.1174065162066471,0.3995053648011947,-0.05457233351447219,0.3864440526772536,0.2363841092990469,0.1667194756116187,0.4191560039353768,-0.2924117841475031,-0.7011519527996599,-0.3499837526436281,0.4559596181070378,-0.1707698684785555,0.7641758561376308,0.1309351668847636,0.1045345369514068,-0.6851069291537922,0.1500768212723659,0.3028529521384684,-0.5713623491266773,0.3994082888799237
(188,),0.5710026648609245,-0.6235299455887469,0.02566462050566332,-0.2318562265124403,0.3015305432073392,0.4815076327433542,0.08013399793703288,0.5036882927074098,-0.1266222609977875,0.6881461073775649,-0.6047424355779591,0.5430921867254742,0.1293042557994844,-0.02575919566733664,0.2149174872958951,0.05794584665494495,-0.1709435453985605,-0.2221343939142803,-0.5534676933780286,-0.1903719385388468
(189,),-0.5695556706153001,-0.3089539211727406,0.1922580733466968,0.03581764257260367,-0.6654905299162697,0.3126919815105055,-0.04648055416949792,-0.2399375103873078,-0.2205146417375509,0.4540079930540191,0.164355757363699,-0.3359120977669637,-0.9342488656421135,-0.2068943187541404,-0.2678158850207235,-0.006712034613672757,0.05531026729686717,0.8117567087616081,0.3443093826170868,0.5828111312368706
(190,),0.6065159823839624,-0.6807529473457992,-0.4051128390879463,-0.1645094557689091,0.09186077175390817,0.06587740041810952,-0.2847568466012318,0.02765124711146895,-0.4261324581503041,-0.5227772286522039,-0.6913864665359372,0.577865238107013,-0.3671670499625679,0.104071509983291,-0.02686731080561788,-0.1368360230567258,0.7129778081358777,0.6095923416129662,0.1823486077451071,0.8195104867327502
(191,),0.4433832581405414,-0.3001422495285621,-0.3412972174417254,0.3019058397551064,-0.7406480264285001,-0.09786586111809142,0.3042647241930265,-0.1419591338250827,0.2471670380476951,-0.2132462107880637,-0.1121401007454212,-0.5388041088382124,0.4611244552497598,0.3651883233337383,0.3972749754773416,0.1153081175351099,0.2960884255811287,-0.65486435728264,0.3427979248746417,-0.416815993849955
(192,),0.0002794353011506545,-0.2275962371703597,0.1943867470573756,0.3330498567672955,0.5234998260301935,0.02381640557280817,0.6140383869858795,-0.5216015131212713,0.1555156145442633,0.4768535562950884,-0.2496715339935592,-0.321622193515688,-0.08535851203138423,-0.6054458367709268,-0.1524232413062241,-0.8765363349113168,-0.216607101077998,-0.3915219569684103,-0.534917921105649,0.07822001224656339
(193,),0.4672127595805471,0.1189622102930831,-0.09322239980441449,-0.39588155925376,0.2766092112756203,-0.4826138736143865,-0.4539543475972143,-0.4584004705545774,0.1766736916917712,0.3507871311472729,0.7279870789995971,-0.3479788654792484,-0.1686773887281141,-0.8197287424317872,0.7786790932478689,-0.3541484997668163,0.4791618754958094,-0.6365118932332915,-0.6996655582297365,-0.6275856971538573
(194,),0.1176274361520412,0.1640194193504417,-0.1562782038153305,-0.6298880655674153,-0.1024634330254642,-0.3357298508894044,0.1878691234897097,0.4056003287562515,0.05302301051317881,0.3015094270172035,0.1535086864681176,-0.5105777106591539,0.1458317465364289,-0.1860227581784282,-0.2496182950546586,0.4111400372724328,-0.1094983005419716,-0.3723198770145359,-0.2015141585484944,0.2092437675135822
(195,),-0.2933823712417571,0.8425237514428461,0.7092393643034309,-0.3662170442307315,-0.1861366778176977,-0.2509326735488764,-0.1549932600609867,-0.3247236634326465,-0.3050974268056979,-0.5826511408715819,0.8834290511591982,0.4112661658269395,-0.486108758242564,0.1488529763635601,0.7532980075484264,0.729999938854506,-0.3278265980612763,-0.5807674693792619,0.8049997510446364,-0.6447219013160641
(196,),0.0843812301493031,0.5541177802411438,0.02869708138225729,0.09731443444770933,-0.554609603999107,-0.3158003456976915,-0.2054794009483127,0.5993467474802285,-0.0738920883170302,-0.1781272231845175,0.2651834511689208,0.12435378117146,0.4798608060418657,0.09331386097329386,0.2496962952995458,0.2073599871550937,0.5385373881139794,-0.2954196720069764,0.5557037269522559,-0.06315109313794753
(197,),0.4399767250885962,-0.5321061950825541,-0.1470891584661924,-0.2436963673803307,-0.4722303997753239,-0.172990526631594,0.1797467750286025,0.3740008437870109,0.01933854013098057,0.2373353241874649,-0.5357679915008924,-0.4827578900173913,-0.2954452033328889,-0.2462465396356265,0.1816023586571505,0.5989119172774531,-0.4038009629458031,-0.8415750259074467,-0.4420189819684355,-0.5938755646580193
(198,),0.8514980012474012,0.1674816897928977,0.1851906482879729,-0.804634354529432,0.1723897095843595,-0.2558016446605236,-0.2593054299295043,0.7900417429092558,-0.4358348502995431,-0.1211935520266346,0.7229847773803635,0.6255367917146483,0.6751852491726923,-0.5041127939202937,0.2358136560890808,0.7677189247847831,-0.316786546589572,0.2488208503580841,-0.3256492104948163,-0.1805446160843268
(199,),-0.8348619793910717,0.04368868286096017,0.7051351205235903,-0.2509299723440522,-0.7089216979403662,-0.4060489306673138,0.3888633231109213,-0.05935493315551682,0.4801808055076462,0.1884067225008949,-0.5160438383540131,-0.0803511301972063,0.2045098022751515,-0.004704775322910137,0.9009076951708042,0.1458047717601886,-0.01429900060220951,0.1462968531672295,-0.2634033111743399,0.9689954358292522
(200,),-0.533872994241943,0.4895546932056309,-0.4467312175220693,-0.004107866143288785,-0.143316096866264,0.07670772286121774,-0.194885760692758,-0.299857421744135,-0.1590813375463309,0.3190464518802766,-0.5386332320578495,0.7093525511545274,-0.4090760808020173,0.7796454402630113,0.428707772961671,-0.1781963500252672,0.2246864440803826,-0.5231876262479684,0.08256841410698429,-0.1274560195302307
